Gene	log2FoldChange	AveExpr	t	P.Value	adj.P.Val	B
ENSG00000091831	-3.94819688303889	3.58955288419597	-13.8844980101395	1.69460655810262E-20	2.29882579979275E-17	36.3581960663295
ENSG00000120738	-3.88124396839315	5.21247367674459	-10.5294319163919	2.54716407222262E-15	4.80057727481748E-13	24.4553458008943
ENSG00000184517	-1.85124034463697	4.27324640559697	-10.4234018088785	3.79578300793707E-15	6.63667506158829E-13	24.0552256977895
ENSG00000170345	-4.12962865018986	6.655176563271	-10.0047720723207	1.85522046807202E-14	2.42549184078028E-12	22.4436731186787
ENSG00000143621	1.64052541561477	7.11529799528032	9.36300404514319	2.18448839986567E-13	1.99379217980192E-11	19.9260968084624
ENSG00000164107	-4.04560591888977	0.777141867612593	-9.2630914567801	3.21743989016406E-13	2.68341883253223E-11	19.8530326623068
ENSG00000012048	2.03719422373302	4.99659857779113	8.96128464298573	1.0412236480512E-12	6.59835702206068E-11	18.4602323265024
ENSG00000137309	2.27805041479545	4.76903644584173	8.9372686006054	1.14354950064547E-12	7.04588083095944E-11	18.3983775511828
ENSG00000181722	-1.32381723424021	6.20193861586914	-8.68508200643001	3.06733328643152E-12	1.51743033881606E-10	17.2812137829295
ENSG00000069667	-1.65307034913279	6.82044700785445	-8.60776359310946	4.15414347191218E-12	1.93220929693556E-10	16.9918914808833
ENSG00000143799	1.15113503090127	7.4781704911565	8.53877148965963	5.44680154584248E-12	2.35249952479958E-10	16.7228248248852
ENSG00000103241	-2.3786332268798	0.563619156598251	-8.49210522891703	6.54319782571491E-12	2.75231556077608E-10	16.9140158005115
ENSG00000143257	-2.95410112396528	3.96021394690705	-8.47745266370892	6.93120491210825E-12	2.86568791123974E-10	16.6308070327166
ENSG00000072736	-0.930529574938232	6.34412609237931	-8.23505060435071	1.80028858359139E-11	6.10415605726129E-10	15.5126268470606
ENSG00000101412	3.36953035337989	3.18419967987952	8.10655782412704	2.98885689465566E-11	9.3479075981127E-10	15.3587359680214
ENSG00000112242	1.46288404053103	4.57380180214333	8.01110650835127	4.35721446323482E-11	1.25959952769848E-09	14.7583402584957
ENSG00000125740	-5.17002490536077	3.28871533539038	-7.86766110563949	7.68111993663432E-11	1.98780294384441E-09	14.405978870355
ENSG00000134954	-1.41776623064609	6.34060567168991	-7.80854373919636	9.70401124959485E-11	2.43641195941385E-09	13.8416006306946
ENSG00000163508	-2.50914741573443	0.705586942194559	-7.7884895081789	1.05050420280366E-10	2.61940154486027E-09	14.2037276595531
ENSG00000106290	1.21925461757193	3.97394474645985	7.74575783387438	1.24395619142126E-10	2.98285542633117E-09	13.7787147024979
ENSG00000101057	3.87208632909391	3.43047670870754	7.72443709969475	1.35342772034209E-10	3.1781461290622E-09	13.8731581526634
ENSG00000130726	0.984496781980269	6.63875245069455	7.6507482894261	1.81155308716026E-10	4.05698432112186E-09	13.2136809185371
ENSG00000007968	2.73221629904393	2.08002461609832	7.56524989410235	2.54084153172777E-10	5.22276095020303E-09	13.3224488386894
ENSG00000171817	-1.64712055236473	1.65041186250817	-7.56089436658519	2.58501263486867E-10	5.30604007881388E-09	13.2669266405656
ENSG00000189298	1.05553765997969	4.27113846854665	7.45517918473383	3.92765681606491E-10	7.65075915634014E-09	12.5877929593403
ENSG00000106689	-3.29938920916282	-0.536859719704542	-7.32190487666938	6.65452924963103E-10	1.17912733175391E-08	12.435250443624
ENSG00000178573	-1.27601824971408	6.5237720013961	-7.19033536743356	1.11958082335942E-09	1.85049623104691E-08	11.4108365834948
ENSG00000197063	1.13627371160394	5.09503491392912	7.10315251949177	1.58005219954873E-09	2.46291273038144E-08	11.1217572721756
ENSG00000124766	2.16402179245026	6.01430961082638	7.02274775432401	2.17051866706136E-09	3.21413947922392E-08	10.7857907707561
ENSG00000122877	-2.64917002789535	2.2680248451158	-7.004376162527	2.3337593037854E-09	3.40035291330659E-08	11.0451903487932
ENSG00000157554	-1.4501231389988	3.62971431529139	-6.96341390910125	2.74316801023266E-09	3.88826121983514E-08	10.7098699386139
ENSG00000006704	1.43945287653736	3.60248549864975	6.93390920659265	3.08173335679756E-09	4.29607247587379E-08	10.6662302364787
ENSG00000162367	-1.36085112316837	1.5382145663402	-6.91087406729679	3.37476349501434E-09	4.65980664506642E-08	10.7581790235276
ENSG00000102349	-1.87049305184923	1.37854195253551	-6.88445740697458	3.74515037629012E-09	5.12732285478511E-08	10.674514651868
ENSG00000138378	-1.39835039031877	3.51874243270279	-6.86165149752235	4.09733591287687E-09	5.54669204922286E-08	10.3174889376257
ENSG00000140968	-1.27995475258715	4.90275106992724	-6.82569002405094	4.72091412436694E-09	6.2795513998912E-08	10.0195830573263
ENSG00000198131	0.986135445316053	5.16629947273631	6.78434837247786	5.55543108762946E-09	7.24352344507446E-08	9.86585419062873
ENSG00000137834	-2.16633514065247	3.00262873332411	-6.77545569801841	5.75331571318255E-09	7.47730526681884E-08	10.0602346541182
ENSG00000119138	-1.51674472650987	6.28578806131026	-6.73459545492636	6.75671216218691E-09	8.58611268806098E-08	9.62758405880127
ENSG00000140044	-1.46858177123228	3.55987666925237	-6.67922477201651	8.39990695743773E-09	1.03480008290608E-07	9.60690413556877
ENSG00000129173	3.31225786168678	2.36294439795987	6.66824451605968	8.77024389538245E-09	1.07404033257207E-07	9.85926000366494
ENSG00000185551	-1.07092430536352	4.95151334770799	-6.65072112065243	9.3952214780221E-09	1.14190497562024E-07	9.34027818864534
ENSG00000111206	2.85023809823626	3.55320459479416	6.62693732051446	1.03149706813078E-08	1.2340226149003E-07	9.54336660512627
ENSG00000143390	0.937374633763318	5.77640090777674	6.59528264443	1.16795135281602E-08	1.3690880478244E-07	9.08867520891953
ENSG00000166211	-3.2073338291553	0.890134125309088	-6.58689909172564	1.20700628034945E-08	1.40804462543659E-07	9.58707631077847
ENSG00000185811	-1.62031389808407	4.09970176256643	-6.4977573719321	1.71179805784981E-08	1.89485990965038E-07	8.82828830643787
ENSG00000123358	-2.53191973736063	4.44211666065779	-6.48904922051577	1.7711739273205E-08	1.94756231370877E-07	8.80424089979125
ENSG00000071794	1.17540754524337	7.06504133687277	6.48434732324943	1.80408041962323E-08	1.97740294936346E-07	8.65499737013043
ENSG00000187801	1.24638063757401	1.88139207803103	6.43925409263602	2.15221967714325E-08	2.3084266041909E-07	8.94945635098971
ENSG00000137265	-2.36515372667208	1.79876782042491	-6.40210164990577	2.48865214789145E-08	2.63039475383836E-07	8.73193591576907
ENSG00000147140	0.703624173163646	7.9389792249692	6.36002055652449	2.93320754900893E-08	3.02965892891228E-07	8.2056357279341
ENSG00000165891	2.96588958593987	2.16989516825284	6.34046322577995	3.16585644252802E-08	3.22406376799766E-07	8.61302550601876
ENSG00000169554	-1.44585481309162	6.39045537970469	-6.24075992910208	4.66897367697949E-08	4.49013558650274E-07	7.71469527294932
ENSG00000141905	-1.43686982526884	5.52495054415549	-6.19330769942991	5.61519080561493E-08	5.25387807679457E-07	7.54559611123486
ENSG00000118922	-1.48330941481345	6.10616576755638	-6.17335898415095	6.06769300891144E-08	5.63007422924059E-07	7.45518016764396
ENSG00000196417	0.721982580793174	4.67546355725784	6.14645513400868	6.73575639525303E-08	6.15937598033472E-07	7.44035149654962
ENSG00000153879	1.04134499165788	6.87242216038148	6.10588491546352	7.88354832922462E-08	7.07083148045165E-07	7.1934691903168
ENSG00000107485	-1.78989155356136	-0.290234393636389	-6.1006016902165	8.04663482917215E-08	7.18845639229527E-07	7.80690737480268
ENSG00000127528	-2.01522250085999	2.53268975388364	-6.02390029620024	1.08279099497541E-07	9.30892353026253E-07	7.23326419396629
ENSG00000180828	-3.01353253783829	-1.50106162201075	-6.01940348012193	1.10177606252283E-07	9.44416669777398E-07	7.53107605203782
ENSG00000064490	0.794621249601635	3.34618327769385	6.0010204699722	1.18287922288639E-07	1.007391037707E-06	7.07744866163391
ENSG00000162924	-0.586896457308945	5.82614283505788	-5.9969080142213	1.20181748983838E-07	1.0194065806438E-06	6.77242665907951
ENSG00000179195	0.651124036786429	7.36926006661461	5.92741586965166	1.57127196831744E-07	1.29632170575456E-06	6.52481227334877
ENSG00000164683	1.41254859262865	2.57565128606281	5.92418208473685	1.5909681301853E-07	1.31108060790739E-06	6.90820289715172
ENSG00000158773	0.617536618913839	5.65726896093099	5.92135749722222	1.60837192551124E-07	1.32467045306579E-06	6.49590380819726
ENSG00000117010	-0.933546883605067	3.70247631009673	-5.89228295001278	1.79884568495638E-07	1.45837142905514E-06	6.57262280438459
ENSG00000151702	-1.24109452652663	4.28902643791186	-5.88612037611831	1.84200078342669E-07	1.49002872737392E-06	6.46141428929392
ENSG00000144852	-3.03209730923368	4.86221316997576	-5.88427937392022	1.85509063427645E-07	1.4981121471686E-06	6.45165974122312
ENSG00000162599	-1.55704857154263	6.77598608941515	-5.84178788969265	2.18416292811613E-07	1.72451427708494E-06	6.20116005186948
ENSG00000181450	0.960518526581362	5.25810317966807	5.82628459409861	2.31809547748678E-07	1.8164255706959E-06	6.16955712132161
ENSG00000169083	-4.0208440300057	5.59345897775167	-5.80055821689779	2.55850165038892E-07	1.98021205069034E-06	6.12401908556576
ENSG00000108924	-2.13236685531721	6.04412915153695	-5.79567492042218	2.60684463459359E-07	2.01440518302567E-06	6.03175312272119
ENSG00000221818	3.77514172534053	-0.707196683554782	5.78907254519575	2.67364565460332E-07	2.05835255913015E-06	6.70563359760722
ENSG00000168310	-0.664354157084136	4.91303481790343	-5.69767653302523	3.79234080883008E-07	2.77811457939132E-06	5.68673898350055
ENSG00000147421	-0.797987548030842	5.28613439637773	-5.65611427895037	4.44366060251624E-07	3.17354343817498E-06	5.50650054680791
ENSG00000116044	-0.646847021156554	6.79523426521544	-5.63746842667855	4.770670456121E-07	3.37387766370507E-06	5.41885306907408
ENSG00000161405	-1.79192740879941	2.21135599403065	-5.63330030796736	4.84696077799546E-07	3.42282699806667E-06	5.79175935590558
ENSG00000198185	-2.08879941500758	1.19426369105994	-5.62874413179443	4.93173298716088E-07	3.47592564884307E-06	5.92602634592432
ENSG00000179528	-0.97678141017206	2.11671229196808	-5.61857487191062	5.1262607075662E-07	3.59383069508216E-06	5.7911485921979
ENSG00000188295	1.17303057616603	3.15922076746903	5.60804763847833	5.33561967716814E-07	3.72083194402038E-06	5.64345484003807
ENSG00000213347	1.01740362213373	2.76354247447986	5.57820884637822	5.97602433660753E-07	4.10819825546416E-06	5.58289121621003
ENSG00000077092	-1.39321819783025	2.99437836670069	-5.57541340902385	6.0397732389654E-07	4.14809225006465E-06	5.479512419886
ENSG00000198556	0.789364435914497	4.40415347557033	5.55556801558599	6.51205233577154E-07	4.43883999514874E-06	5.24433284170211
ENSG00000073861	-1.92350015862437	-0.195566366940284	-5.51226757931086	7.67271951448937E-07	5.11232808054498E-06	5.63092205542143
ENSG00000175197	1.20824890400936	4.46841913578431	5.49839660856899	8.08602805988674E-07	5.35574802396514E-06	5.03431988856606
ENSG00000101665	-1.36118384228738	3.79789200098795	-5.47684699304216	8.77208969969384E-07	5.72719405675109E-06	4.99782708417679
ENSG00000178175	-1.11814877281864	1.6849006451095	-5.46959622789478	9.01559561166537E-07	5.85388472109566E-06	5.28807024580272
ENSG00000109381	-0.576357132545331	5.80965364528971	-5.46284361848601	9.24836129759132E-07	5.98093668229257E-06	4.76401528856968
ENSG00000166478	0.485582161167156	4.56593054114693	5.41821095020072	1.09430387780458E-06	6.93953569037554E-06	4.69998804024278
ENSG00000108055	0.848175489692202	6.78196086551908	5.40051225926035	1.16967809305336E-06	7.36734743332916E-06	4.53433071653951
ENSG00000120693	-1.41909753508226	2.90558716235245	-5.38752660269613	1.22821302296975E-06	7.67606692047243E-06	4.81480482464179
ENSG00000131196	-1.25294175604775	2.03766563607414	-5.38585486981728	1.23595532374334E-06	7.71780708182591E-06	4.92686953511866
ENSG00000146757	0.923361651528436	4.55122141055634	5.36947300216323	1.31441532416068E-06	8.14118445762691E-06	4.53465592734855
ENSG00000151623	-1.70813404418037	4.40730424780701	-5.35837242147637	1.37034952779786E-06	8.45874621327202E-06	4.49004610425225
ENSG00000213928	-0.94332914902615	2.61989796871311	-5.30974129562924	1.64432600607612E-06	9.94269125007362E-06	4.57510933160033
ENSG00000186350	-1.1381099826947	7.24710516824431	-5.30525468106572	1.6721671646738E-06	1.00942137661174E-05	4.20849132715484
ENSG00000150907	-0.928304022797604	5.49838798569459	-5.27550146923631	1.86890532701339E-06	1.11088201007708E-05	4.08726456712354
ENSG00000177374	-1.79500668581581	2.25465769187515	-5.2707025700132	1.90270277771666E-06	1.12794210417582E-05	4.46905010665832
ENSG00000148835	0.659358633347406	3.50375085678532	5.2627189390142	1.96026701102759E-06	1.1571419139583E-05	4.29450473067102
ENSG00000020633	-1.25381227242752	1.99592549286918	-5.25474131352847	2.01949897961902E-06	1.18747849239186E-05	4.4513679314139
ENSG00000171223	-1.7314230738326	6.0213750906193	-5.24775532113937	2.07281222415303E-06	1.21439850613277E-05	3.9863707125537
ENSG00000198911	0.917231907198011	6.61683811570369	5.24743840847876	2.07526328479278E-06	1.21534385750253E-05	3.97043905634612
ENSG00000028277	-1.24931534385181	1.68776491926079	-5.24212336180525	2.1167983491662E-06	1.23418953969867E-05	4.44448118522999
ENSG00000116016	-0.863200578598248	7.85883398698904	-5.21698559817494	2.32458720128419E-06	1.34132840815253E-05	3.91339344441498
ENSG00000071564	0.79995338806039	4.40894443901503	5.20788423467176	2.40466235098123E-06	1.37767311636161E-05	3.95960656925925
ENSG00000143373	0.867453669743481	5.22517479816378	5.20737637982898	2.40920957443638E-06	1.37973359685165E-05	3.87296535269208
ENSG00000183647	1.03127957844151	2.48357718656828	5.1656606450499	2.81307328022157E-06	1.58291273526853E-05	4.12370453482109
ENSG00000043355	4.68073876773776	-0.290529371281377	5.16040662549502	2.86843939787719E-06	1.6115676555166E-05	4.45447878908953
ENSG00000170265	0.531088745380045	4.45797821134139	5.13107474470764	3.19778688410634E-06	1.77055640069253E-05	3.66757348858177
ENSG00000182742	-1.48092424103915	1.25152844984467	-5.10967033026057	3.46130054177145E-06	1.89564063344411E-05	4.0313518851447
ENSG00000170581	-0.712204040429	7.53082971452653	-5.10410952846262	3.53318037632956E-06	1.93018603673931E-05	3.48333219701744
ENSG00000184271	-0.962650381809657	1.97471269472518	-5.09313802602014	3.67932606633365E-06	1.99605158409846E-05	3.87427774442554
ENSG00000181315	0.63478778333959	3.53953854184187	5.08878791877249	3.73890104917774E-06	2.02492690335849E-05	3.66230312866711
ENSG00000126778	3.62352738516669	-1.49482070429973	5.06726637192408	4.04786032417377E-06	2.16283317468372E-05	4.14850859141883
ENSG00000196092	-2.3680634681044	-0.459989024019288	-5.0283155815788	4.67202032036956E-06	2.45920779431277E-05	3.93657734772795
ENSG00000139800	5.59207664295998	-0.394224012551717	5.00577759439138	5.07534018199451E-06	2.64369478539499E-05	3.91334617895199
ENSG00000213096	-0.902434967384023	5.02133610625448	-4.98830927696917	5.41125265546069E-06	2.80257310978035E-05	3.07512355303623
ENSG00000186951	-1.11546813174723	7.60903470491238	-4.98297394147343	5.51812959585406E-06	2.8528356499834E-05	3.05784425825057
ENSG00000127152	-1.74947855070634	2.43258723748746	-4.96178991994443	5.96329116081069E-06	3.05792513518321E-05	3.32334879521535
ENSG00000177888	1.21276342880682	6.73672454661869	4.95972827609061	6.00844966155523E-06	3.07456352216113E-05	2.93499017212886
ENSG00000198963	-2.54950579155347	-0.993565811326162	-4.93805008783807	6.50405848795396E-06	3.29103545248214E-05	3.62696351597633
ENSG00000175832	2.82122783536014	3.04681978613707	4.91245480185468	7.14095624567176E-06	3.58331801650029E-05	3.20965856266564
ENSG00000143379	0.619969408117741	6.0280540246499	4.89969994012839	7.48076430190653E-06	3.73446341758746E-05	2.71706285272076
ENSG00000164754	0.901633189720361	7.44728720737687	4.87684572349794	8.12968599082576E-06	4.01012926916599E-05	2.65376572880473
ENSG00000029153	1.29933462035336	4.64564301045256	4.84143098762764	9.24557483509303E-06	4.46643748358422E-05	2.64365395754777
ENSG00000082175	-2.31820587130359	1.1107857158041	-4.82868578816979	9.68277834897072E-06	4.64824609329352E-05	3.04083218393831
ENSG00000180787	-1.48291957972795	2.25444401293118	-4.79884286613404	1.07871546774678E-05	5.12416329556181E-05	2.78262082986251
ENSG00000130584	-0.738990578302625	3.54549287031589	-4.79802937537048	1.0818922429893E-05	5.13421197850254E-05	2.58294220122215
ENSG00000182568	-1.29592483254007	5.11141581206826	-4.79650054715548	1.08788727136668E-05	5.15760211763255E-05	2.38854076733325
ENSG00000121454	0.921794031482749	3.52677181522448	4.79493896931038	1.09404426324155E-05	5.17673186340176E-05	2.63161016967388
ENSG00000140009	-1.10872961759216	0.693427630645591	-4.7945635228381	1.09552964899707E-05	5.18198378951938E-05	3.00251356071373
ENSG00000153234	-1.82117090646164	3.31195880899283	-4.79357876160682	1.09943505615562E-05	5.19706890388611E-05	2.61668912573368
ENSG00000103495	0.719258443269703	6.17457996692675	4.79060555854182	1.11130911113796E-05	5.24124726058958E-05	2.3290991230919
ENSG00000105497	-1.37462339540476	2.8274139163368	-4.78065098688075	1.15198469826829E-05	5.40323268948591E-05	2.6584730341969
ENSG00000157557	-1.14341052490209	7.36440308221937	-4.7709791784693	1.19289772194077E-05	5.55919452177408E-05	2.29511764073843
ENSG00000142409	0.662078723198088	4.59694147382957	4.75654056043068	1.25663101974012E-05	5.81899698073879E-05	2.31277070195419
ENSG00000128272	0.760658194674099	7.5872212008395	4.73712478244877	1.34760539900686E-05	6.19855770218306E-05	2.17154791678312
ENSG00000149050	-1.42969260698494	1.94537232467705	-4.72024612469755	1.43189766374176E-05	6.53194057412168E-05	2.57658572772036
ENSG00000204366	1.16515325837653	1.31493708540706	4.71234312943558	1.47311524249632E-05	6.68893879821857E-05	2.69185756319448
ENSG00000143067	0.753437651683008	4.67336006046772	4.70753540310645	1.49875426811553E-05	6.7904845266602E-05	2.13419378599256
ENSG00000196591	0.835389487391513	5.86722975465373	4.69677580478172	1.55772336543471E-05	7.02694481790131E-05	2.00954555203321
ENSG00000069011	4.624678056413	0.210502457962392	4.66082982771846	1.77162734910822E-05	7.88449289631062E-05	2.73011379872078
ENSG00000185252	0.758773710027142	3.29534232240182	4.64321464513071	1.88666473678372E-05	8.33717376985547E-05	2.12535752953625
ENSG00000111249	-2.07382322956604	4.50686188479582	-4.6070174812541	2.1463883416729E-05	9.35387015446162E-05	1.78903854752673
ENSG00000129351	0.553780883803054	7.20843728053092	4.59747266312814	2.22049043188208E-05	9.63917354097301E-05	1.66854718414687
ENSG00000165244	1.17630154262857	4.10646410506377	4.59215527718771	2.26284833973756E-05	9.80545091259224E-05	1.84097246410716
ENSG00000167840	0.72491872093845	3.42930827949866	4.57434002512794	2.410583387222E-05	0.000103774506424	1.87376048588953
ENSG00000001167	0.571601049690532	5.05528087487114	4.5620422725376	2.51800551672989E-05	0.000107846933605	1.59104869874339
ENSG00000182983	-1.72502880496869	2.6055678500554	-4.55722661489948	2.56132974577671E-05	0.000109323580208	1.89240948940447
ENSG00000106261	-0.745784995378576	8.53217810248072	-4.51173169410557	3.00814150605552E-05	0.000126350649887	1.45452433971051
ENSG00000176399	-2.72389648536002	3.90603721108863	-4.51117821881533	3.01401925318892E-05	0.00012652429101	1.55279432722134
ENSG00000067082	-0.95232467795627	6.86484651199472	-4.50862765078138	3.04125035841033E-05	0.000127446217734	1.36190858345337
ENSG00000101216	0.571727066622325	3.91775952286547	4.50427388479284	3.0882876755177E-05	0.000129081885792	1.54442295872761
ENSG00000138380	-0.793986977060436	4.00023562798457	-4.49425925417944	3.19918808117279E-05	0.000133027557117	1.46426422099695
ENSG00000114315	-0.808554321397573	5.29069836249455	-4.48552750511116	3.29903785236884E-05	0.000136826628504	1.29854027781618
ENSG00000244405	0.872673953338916	5.3594431196601	4.44309748971552	3.82903705412197E-05	0.000155780728145	1.16181632375863
ENSG00000147862	-1.0386595156655	6.84824252073315	-4.42340116667112	4.10237479734305E-05	0.0001659243675	1.07389051672682
ENSG00000109906	-2.10387143215561	3.93788406929001	-4.40676647097749	4.3479201577147E-05	0.000175026400357	1.18262130875156
ENSG00000030419	-1.0491752910579	3.85314987125701	-4.39330632102428	4.55700627427162E-05	0.00018238079165	1.13257072470748
ENSG00000179388	-2.21252611640576	1.28149409952514	-4.38236591274771	4.73411878113865E-05	0.000188844232413	1.5214785495197
ENSG00000169016	0.859620338418561	3.604291891783	4.38100891908987	4.75654768277728E-05	0.00018947850665	1.18656698937215
ENSG00000115966	0.527363771319953	6.56905372954146	4.37635040833442	4.83433342642133E-05	0.000192109969968	0.900094702218539
ENSG00000113658	0.743356815823789	7.22913500118316	4.36258635391653	5.07144642456717E-05	0.000200045747522	0.869366556041759
ENSG00000177732	1.22931672250967	3.3955249761418	4.34319528278312	5.42474910002053E-05	0.000211737382839	1.11560409231918
ENSG00000269404	-1.97430011670666	-0.669838146545787	-4.34169199987184	5.45311524080268E-05	0.000212537545522	1.60917664387719
ENSG00000115507	2.88425581634942	-1.35436364312898	4.32819526987613	5.71432374576504E-05	0.000221431952466	1.67306568412848
ENSG00000196482	-2.34780761600834	0.66598250154031	-4.32111378130129	5.85619089548645E-05	0.000226144338146	1.35382476031725
ENSG00000221994	-1.30313393399544	0.574218578445503	-4.30751727226689	6.13821716675743E-05	0.000235468695543	1.36213456329209
ENSG00000119725	-0.686913230894683	1.90976373554704	-4.30173264656447	6.26216046459781E-05	0.000239653145206	1.17013616962489
ENSG00000197037	0.474276061866631	4.5373511243246	4.28769448199936	6.57312409728661E-05	0.000250102718668	0.717666589127502
ENSG00000229809	-0.775083838544322	2.18249349492959	-4.27893553771598	6.77467682397047E-05	0.000256896028402	1.0414546764826
ENSG00000183309	0.713205056695073	5.09072248931703	4.26340375655114	7.14690592776591E-05	0.000268903030396	0.581772190923338
ENSG00000140265	0.511433440564114	5.48768623826727	4.25426599201306	7.37507978672507E-05	0.000276837997088	0.515128355597475
ENSG00000167625	0.594092699899373	3.4596283934619	4.2512490107103	7.4519533959756E-05	0.000279510849528	0.772290135947467
ENSG00000138738	-1.51201742167584	0.961591927796318	-4.23823412902775	7.79256802281006E-05	0.000290933231662	1.08841753631961
ENSG00000171161	0.628826307447898	4.69472775691326	4.23420624747625	7.90100451637375E-05	0.000294602717219	0.520547602096151
ENSG00000025156	0.733054496173292	4.0006904476102	4.23410790948569	7.90367011147194E-05	0.00029462640806	0.625493067810993
ENSG00000167635	0.563385376281276	6.82456052125262	4.20956556602224	8.59688306849282E-05	0.000318422580628	0.347414773811995
ENSG00000110851	0.455255659675799	4.81057176390819	4.19130216320216	9.15057766668084E-05	0.000337724270343	0.364176565883896
ENSG00000173575	-0.481094441591632	7.77545824870609	-4.18511916913226	9.34573133574842E-05	0.000344051885196	0.310269171404159
ENSG00000176371	0.708752320346077	4.2165628085245	4.16029239647215	0.000101706719012	0.000369916768496	0.349573958816492
ENSG00000167074	-1.09192805513147	4.84395660741033	-4.15596092076378	0.000103216357342	0.00037381476859	0.232379859526501
ENSG00000148606	0.568707575039072	5.15026075048514	4.15068919629708	0.000105082945786	0.000379438593989	0.20085457367482
ENSG00000198795	-1.23373900566842	1.91593667630402	-4.11013582153381	0.000120574119585	0.000428550483324	0.497528803623077
ENSG00000154957	-0.593834809880618	3.18789570589543	-4.1038939322418	0.000123146418127	0.000436106543133	0.300698629805558
ENSG00000198039	0.891077392752721	2.92050484598321	4.097314704352	0.000125915090459	0.000444701823496	0.372786014422561
ENSG00000197008	0.570347917180205	3.9269790404165	4.07387447843877	0.000136276159019	0.000474937468705	0.115158504611419
ENSG00000196247	0.681080365664085	4.74972565925743	4.07283339730539	0.000136754928017	0.000476377224047	-0.011154550752606
ENSG00000105698	-0.520407470730922	5.66682575646647	-4.03812843199981	0.000153677188456	0.000528599990252	-0.208155831390682
ENSG00000136870	0.533707648105254	5.72160667125706	4.03137964802176	0.000157194676697	0.000539388061208	-0.225153482731493
ENSG00000128573	-1.98954308009578	2.90890746188779	-4.03106289323938	0.000157361663509	0.000539610694905	0.085959800479715
ENSG00000178229	0.585669174944471	3.90911500777663	4.01030699709874	0.000168684528734	0.00057315614165	-0.092294824368634
ENSG00000196605	-0.633653359129533	3.20889071841759	-4.00214259086508	0.000173350254637	0.000586947945706	-0.031568501527604
ENSG00000197780	0.518631011248311	4.91198204262976	3.97507301578349	0.000189726053151	0.000635530331034	-0.351033444877825
ENSG00000196458	0.622858317800395	5.09517705597635	3.97379668000862	0.000190533858617	0.00063754377594	-0.36435644591429
ENSG00000100823	0.544652153335181	5.8810706701601	3.97183944332129	0.000191779049911	0.00064097134323	-0.421830664949421
ENSG00000131849	-1.03823300226921	1.8180516337871	-3.95765591304813	0.00020103961552	0.000667159135701	0.063249205738095
ENSG00000102935	-1.08313084449659	0.903733034393585	-3.93895819188652	0.000213907120451	0.000703820537663	0.142905984981391
ENSG00000105996	-1.34575348208246	-0.482528001794922	-3.93260709096197	0.000218455449092	0.00071675909501	0.305272601105137
ENSG00000185730	0.727709741622168	3.27212092385813	3.91462036571219	0.000231847034273	0.000755867067426	-0.27473999791066
ENSG00000172201	-1.80619170851374	2.81388367647882	-3.90680265711475	0.000237910506738	0.000773249109469	-0.247962830565736
ENSG00000179348	-1.13765676482771	0.766135733346048	-3.90074431971627	0.000242713949505	0.000786570977046	0.05776165653398
ENSG00000186564	1.19821885376787	1.05419011380015	3.89704422778346	0.000245693328738	0.000795160924765	0.052769025307129
ENSG00000196812	0.632160520575275	2.88110370679043	3.89557898380024	0.000246882858219	0.000798832561532	-0.268495794156181
ENSG00000185507	-0.84824453853951	4.24608059987719	-3.89387371930579	0.000248274213048	0.000802618707898	-0.539042521335539
ENSG00000119508	-2.06649821786149	2.36641176307669	-3.87837364838775	0.000261271289328	0.000839028313947	-0.297049969785943
ENSG00000121864	0.486312309262251	5.20060923084653	3.8750178097252	0.0002641700672	0.000846651063428	-0.693283590890903
ENSG00000196263	-1.35104232878447	2.29306257540097	-3.85032019289097	0.000286474432248	0.000911092912728	-0.368563776878693
ENSG00000254004	0.578099168101916	5.50765086978912	3.84543178715115	0.000291098507341	0.000923370828096	-0.80458760895388
ENSG00000102908	-0.498569687325729	6.4600114542776	-3.84489930625407	0.000291606500521	0.000924578006459	-0.829210452247764
ENSG00000175745	-1.08073130151792	3.87143618217803	-3.84321891250349	0.000293215201636	0.000928664121812	-0.677355621559286
ENSG00000178951	-0.610207953631795	4.34956093970502	-3.82572276451557	0.000310478853148	0.000976732954016	-0.762448572656202
ENSG00000159692	0.471877400221532	6.62510224048459	3.81978439337572	0.000316556877094	0.000993699632356	-0.907896076454906
ENSG00000135111	-1.46716451287554	5.12953916118529	-3.81238968480445	0.00032428512765	0.001014885868548	-0.888228511923318
ENSG00000148200	1.43461904556725	3.91372078698578	3.80703320612829	0.000329995867721	0.001030979554868	-0.699625190570931
ENSG00000177606	-0.915163492670021	6.92809464746021	-3.8035905211879	0.000333717010775	0.001040365469467	-0.944351150990168
ENSG00000133740	0.812953137671977	3.20472724129323	3.79970105882718	0.000337969465677	0.001051814901546	-0.626416274055726
ENSG00000007866	0.516020403585163	3.86068311438538	3.798473275973	0.000339322586882	0.00105557328635	-0.744890886664416
ENSG00000116017	1.58871569288255	4.29725512279334	3.79382999383623	0.000344486986173	0.001069575340895	-0.791728046591761
ENSG00000140307	0.48638514545529	4.75943516445234	3.79324440337488	0.000345143622532	0.001071155742126	-0.905760387690256
ENSG00000008441	-1.02417397600958	4.5609493406988	-3.77739627285362	0.000363376944239	0.001120791969139	-0.942143208718631
ENSG00000110777	-1.47592575995296	0.588622825345269	-3.77622611585346	0.00036475918986	0.001124410989572	-0.34964020665083
ENSG00000124782	-0.3468268565073	7.07351246286789	-3.76111272182463	0.000383070698908	0.001175538587979	-1.07722675448165
ENSG00000197857	-0.572104053929433	5.00082151843621	-3.75295513521759	0.000393317025601	0.001202405029604	-1.06963817506081
ENSG00000196670	0.515893473391207	5.23505978687388	3.73813294160232	0.000412609566951	0.001255828447062	-1.12115021342806
ENSG00000066336	-0.811873844384942	2.80409035444779	-3.70777768264232	0.000454983949247	0.001368440843829	-0.889819126077479
ENSG00000184828	-1.89019136249182	-0.464528687413898	-3.6937810417336	0.000475895622479	0.001425283986783	-0.44732704222795
ENSG00000172845	0.381582314588295	7.57898201586214	3.6857269012664	0.00048834204792	0.001459995838363	-1.28903049587467
ENSG00000170949	-0.972392022724335	5.05902457773716	-3.67935550331293	0.000498407792494	0.001487200942862	-1.28942691718655
ENSG00000132170	0.797039534775153	4.73788144348595	3.66433362239628	0.000522930281526	0.001549992697204	-1.28256237292223
ENSG00000170365	-0.583255679215035	4.15832874041712	-3.66002401204026	0.00053017553831	0.001567306459962	-1.24893539070585
ENSG00000198429	-1.01196848778382	3.53784038586499	-3.65572535651052	0.000537497797056	0.001586044739909	-1.15731845040902
ENSG00000108788	0.416335466168166	5.6009589744686	3.64032660728725	0.000564528126197	0.001656710246182	-1.44258436719154
ENSG00000170653	-0.472526340807036	4.24319792238518	-3.63752064446067	0.000569591314173	0.00166920620987	-1.33121586438689
ENSG00000120093	-1.17000361050772	2.21851903451629	-3.63081869614784	0.000581860483885	0.001701724978263	-1.01560425353828
ENSG00000132005	-0.454108762997144	2.72419793796542	-3.62700554530251	0.000588953274249	0.00172073483308	-1.09828955811915
ENSG00000117036	0.66180165514978	5.48664535423014	3.62677403507772	0.000589386548212	0.001721345399708	-1.47322568175704
ENSG00000164916	0.588862780542367	6.00664565750951	3.62588020047304	0.000591062224199	0.00172458915049	-1.49995382360121
ENSG00000170608	-1.0031880078072	4.59207282308721	-3.62500508898587	0.000592707201388	0.001728570519803	-1.41344018719362
ENSG00000166823	1.34273394788523	0.098232782012635	3.61702200658868	0.000607916217842	0.001767597706536	-0.673849378762951
ENSG00000197016	-1.12480000080572	3.47996338400933	-3.606667883894	0.000628197365807	0.001820004027269	-1.30371776749775
ENSG00000137185	0.642839086431731	3.68180670615119	3.59413769855725	0.00065360385854	0.001885705605394	-1.34016427933552
ENSG00000164330	1.08352142763585	2.49280319789633	3.59345224181502	0.000655021582529	0.001889420235671	-1.11081143127189
ENSG00000134532	-1.11357555443929	5.34141253403584	-3.59297691370484	0.000656006419287	0.001891509071466	-1.5774199484211
ENSG00000166888	-0.648187495877305	6.935849232535	-3.59231612445328	0.000657377858923	0.001894334290845	-1.58998318113316
ENSG00000196628	-0.855725887213647	6.16321969790546	-3.59152336013578	0.000659026811876	0.001898708972394	-1.60483283113127
ENSG00000074047	-1.53613805284318	0.018984464909857	-3.5903829873084	0.000661405705014	0.001905184515912	-0.814926383407959
ENSG00000113580	-0.5546014808768	7.30184439959309	-3.58627113112128	0.000670051420712	0.001927792667996	-1.5952930467048
ENSG00000100625	2.25036661570585	1.18875658380018	3.58214413660575	0.00067883715561	0.001949205540603	-0.898723679738866
ENSG00000165495	-1.66301299184611	-0.326705840122416	-3.57935049130406	0.00068484655561	0.001964905736459	-0.798359920990136
ENSG00000198026	0.391173256949534	4.74602328500777	3.57436593802929	0.00069569486588	0.001991925022889	-1.56901109981376
ENSG00000088881	-1.24828889640904	1.79857853047236	-3.57432998695021	0.000695773700456	0.001991925022889	-1.12463785143736
ENSG00000147124	-0.354006005573035	4.14466285563488	-3.55700566304012	0.000734768987435	0.002089139409416	-1.56236062016686
ENSG00000119950	-0.612822209417205	5.59875650296101	-3.55368469869162	0.000742477969039	0.002108031873861	-1.70804267993894
ENSG00000174197	0.423597516489173	7.31549340383634	3.5501680529084	0.00075072506398	0.002129462619887	-1.71045689177111
ENSG00000198300	-2.34597289520935	3.58612015232797	-3.53851253416945	0.000778686745082	0.002200643046667	-1.53069734677502
ENSG00000168036	0.409784182061227	8.6736136148209	3.53758189992562	0.00078096154474	0.002205353947707	-1.66833956832983
ENSG00000171425	0.725984177634409	2.17659612404039	3.53373273940864	0.000790437563977	0.002227345617171	-1.25676221286685
ENSG00000125398	1.2603409766508	4.80484034408061	3.53348693609349	0.00079104639218	0.002228607677334	-1.65948127817435
ENSG00000020256	0.424004551399509	3.84362060000575	3.53281907393857	0.000792702867234	0.002232149605646	-1.55738848118949
ENSG00000160741	0.56263130952005	4.05784045386987	3.53042885645206	0.00079865830855	0.002244843961587	-1.59595607245046
ENSG00000172748	-0.825248464270836	2.18930558645515	-3.52198241991037	0.000820045978049	0.002300059380257	-1.31953061039613
ENSG00000152475	-0.734039771536378	0.517318412732269	-3.52109795444959	0.000822316809834	0.002305092050282	-1.06465593174067
ENSG00000187607	0.708748511533889	2.38971930306458	3.50024367036037	0.000877623771515	0.002435196208838	-1.40007411200811
ENSG00000258289	-0.61607335773288	5.43619463332931	-3.49804112899628	0.000883667133762	0.002450091219937	-1.86754385437884
ENSG00000198816	-0.574710295525951	2.86843636812077	-3.49528739048765	0.000891278492022	0.002468365167218	-1.52855637985641
ENSG00000198342	-0.490774097290328	2.26878433736009	-3.48170979390612	0.000929726253065	0.002559701647595	-1.45511644651187
ENSG00000115207	0.528685198065304	5.43771654302835	3.44355784985802	0.001046365782419	0.002844139395853	-2.01791532827213
ENSG00000167394	0.497202504718955	2.09543109055724	3.44305624571864	0.001047987965327	0.002847481998283	-1.51876480996297
ENSG00000198482	-0.93092840980636	4.36851155274717	-3.41967054717286	0.001126319649849	0.003028001252059	-1.98814420847618
ENSG00000253293	3.98204300347302	-1.02244337539386	3.41343523278721	0.001148123527073	0.003077496975411	-1.11629226637937
ENSG00000116478	0.49583659796444	6.34452665610815	3.40672248598076	0.001172043480166	0.00312889900371	-2.15347153989528
ENSG00000256087	0.550280057134069	4.01814531233851	3.38288262991425	0.001260862656078	0.003332903254099	-2.02649539030562
ENSG00000197054	-0.831211054058686	0.463412458190775	-3.37902662115786	0.001275813960049	0.003361403810499	-1.47178258867664
ENSG00000187187	-0.500352807233902	3.87859785665713	-3.36453550185825	0.001333514652704	0.00349061411256	-2.07955533172484
ENSG00000189042	0.483490012715709	3.79299798444268	3.33685338887191	0.00145066208631	0.003755263681152	-2.11980184471434
ENSG00000067955	0.421180445568067	5.63868786674835	3.33082806833783	0.001477417581806	0.003815676089547	-2.35881442520449
ENSG00000196693	-0.576004846978472	5.7706830714417	-3.32992461064867	0.001481469340205	0.003824098730888	-2.36682305043578
ENSG00000196391	0.599284819706495	1.38923220882867	3.30883789152217	0.001579070881822	0.004052250510522	-1.77496608388949
ENSG00000186230	0.561980427828912	2.96452501793904	3.29993367803028	0.001622080020549	0.004150145496864	-2.064657927498
ENSG00000185122	0.614958133596158	5.30180260678935	3.28820495643103	0.001680419657319	0.00428204566585	-2.45046961684139
ENSG00000175387	0.397568280653267	7.0000439922084	3.28477279451383	0.001697862102976	0.004318908823557	-2.491496282727
ENSG00000155090	-0.748393007709873	6.13160497854238	-3.27867997587784	0.001729247221383	0.004391047362505	-2.51732852518663
ENSG00000181472	0.389815947607018	4.12121108317842	3.26897330523986	0.001780379450512	0.004505120590381	-2.3729800900046
ENSG00000177125	0.530352125096051	4.81995978662086	3.26864236219259	0.0017821476298	0.004508808647777	-2.46313688596226
ENSG00000196172	1.33870328994496	2.92361937945432	3.26567541028829	0.001798073660255	0.00454355649619	-2.13937408788301
ENSG00000018869	-1.03827037710951	1.28838975145798	-3.25866125733947	0.001836258890735	0.004630371680685	-1.94701321736697
ENSG00000186660	0.336330849870571	6.37694517095787	3.25639520071328	0.001848757663289	0.004657842223897	-2.58305352768445
ENSG00000197863	-0.658947680840621	4.04256212915247	-3.24311090526795	0.001923655030015	0.0048247635319	-2.45981088068246
ENSG00000170802	0.427632914249519	6.76320859645064	3.23882651027656	0.001948413300732	0.004878428885476	-2.62644563319876
ENSG00000162676	-1.04981813206815	0.892579086601065	-3.23876517546588	0.001948769903605	0.004878480048494	-1.94669168329429
ENSG00000010539	0.344501307872708	3.63500321440911	3.23136427244276	0.00199225257553	0.00497189499159	-2.39734865168573
ENSG00000235109	1.05229245982575	4.17684201047028	3.22271938919703	0.002044199146796	0.005087535245807	-2.48481530822027
ENSG00000169635	0.992621963611381	3.84570107928621	3.22094311943276	0.002055029167355	0.005110106798604	-2.44336669254752
ENSG00000135547	-0.909911316066851	2.03798041633616	-3.20544644901707	0.002151827686684	0.005318910473371	-2.2296787138878
ENSG00000148737	-0.656962539853113	4.52503196879731	-3.19936165745373	0.002190994178664	0.005403757226507	-2.63488415446972
ENSG00000165259	-1.12255305020352	1.83705659098932	-3.19621326815649	0.002211521579453	0.005450679545012	-2.20276200743227
ENSG00000025434	-0.556977454003378	5.48250854091615	-3.19542733484592	0.002216673937072	0.005462450700421	-2.73646108174427
ENSG00000196323	-0.392151291766665	6.66911686833461	-3.19386107940908	0.002226975500418	0.005484111396923	-2.75198794045763
ENSG00000172819	-0.680522763061625	2.31248033482243	-3.18870061177335	0.002261235830985	0.005560931092908	-2.31110313801575
ENSG00000085276	1.06479715373376	4.65163472211995	3.18185464312921	0.002307450193887	0.005649690773358	-2.66056738349342
ENSG00000104856	0.725790845069589	3.67078332417176	3.17854303649257	0.002330122264878	0.005694633598502	-2.53051629456246
ENSG00000177045	0.501229457059732	3.34302763842306	3.16997234904719	0.002389773644273	0.0058169062606	-2.50783367623839
ENSG00000140836	-0.43663753011136	5.61644406730954	-3.16536022007498	0.002422463638141	0.005890548310439	-2.82446119793891
ENSG00000198176	0.74964230112213	5.25231433619038	3.1640176417686	0.00243205813064	0.005911897419069	-2.78435555524576
ENSG00000105866	0.497862953382981	4.70457499288855	3.14948935407137	0.002538186212233	0.006136980725079	-2.78284704819969
ENSG00000009950	-1.02893122675554	6.32123882330549	-3.14721252602492	0.002555206551516	0.006172991089663	-2.87874976409837
ENSG00000107175	0.513429119854961	4.63834319917999	3.14606447493928	0.002563829268674	0.006191760750041	-2.78567278714298
ENSG00000143190	0.38251283503276	6.05316965425224	3.14398552833552	0.002579513135915	0.00622549386802	-2.89248871450003
ENSG00000141956	0.50729117296062	3.65645970798706	3.13347844569525	0.002660164605831	0.006397592608178	-2.6658157511791
ENSG00000129535	-0.620821939140619	0.19867092339319	-3.12183735641093	0.002752275494104	0.006592015509232	-2.1338225733094
ENSG00000125817	0.439428247888004	5.63540907625848	3.10472578568482	0.002893104419301	0.006879359549876	-2.9853466949146
ENSG00000095564	0.320759740348444	7.40452307730726	3.09569299129965	0.002970135472587	0.007039458758481	-3.00015204874287
ENSG00000204519	0.554523693936178	3.93024326846046	3.09183348505709	0.003003630271385	0.007113035655734	-2.81297596440358
ENSG00000181220	0.61798580334148	4.57344249682559	3.07704060346342	0.003135308169913	0.007387496697804	-2.96241346592218
ENSG00000109320	-0.335978973052726	5.77009094971307	-3.07336901532859	0.003168815848098	0.007460391886372	-3.08085576174572
ENSG00000112365	0.436822718638711	4.50627392306998	3.06231125287343	0.003271762682675	0.007676607930636	-3.00150806759206
ENSG00000090447	0.47452480351776	2.74913722842492	3.0584238273199	0.00330869005173	0.007754475134159	-2.70342515614683
ENSG00000083817	0.456161645016936	2.41095638424789	3.05531790215795	0.003338472970961	0.007809142449159	-2.64014503527519
ENSG00000117707	-0.624844889777515	8.33118079258956	-3.04731301174154	0.003416389607105	0.0079734072014	-3.06956809234079
ENSG00000221869	-0.977592422475459	5.58656928932061	-3.00077261167823	0.003904026042539	0.00898433649371	-3.25912061602294
ENSG00000163884	-0.903495195778505	5.52013675047852	-2.99762307628486	0.003939262751054	0.0090510736294	-3.27132686986005
ENSG00000070444	-0.382526502198609	3.9899535963634	-2.99439142881699	0.003975725582849	0.009124739784643	-3.11407369713483
ENSG00000061455	-1.12183046546216	-0.090220318788617	-2.99131748323933	0.004010700248538	0.009190475605051	-2.4605646920636
ENSG00000101076	-0.463787165004966	7.83485890125743	-2.98319482370635	0.004104500228164	0.00936548857093	-3.27339973812631
ENSG00000166261	0.510181231545468	3.54154761937815	2.97631571414446	0.004185530992789	0.009529404732877	-3.0603797605859
ENSG00000134107	-0.674344336367109	6.57130070842796	-2.95748292539668	0.004415037902891	0.009987689796843	-3.38868856760573
ENSG00000097007	0.341985891971877	5.60430037313271	2.95245211441033	0.004478294957378	0.010110301247895	-3.39139731982202
ENSG00000104064	0.315543347953377	4.81310896293999	2.94851524449815	0.004528382677825	0.010213846661578	-3.33857946392795
ENSG00000198393	0.378544204295697	4.36539465762322	2.91802846000725	0.004934223948116	0.011009449252009	-3.3516620892937
ENSG00000197933	-0.453931375656742	3.46686494750023	-2.91196940630266	0.005018795539739	0.011170668845506	-3.23869148413907
ENSG00000169981	0.583452954655109	2.98778679894732	2.91092332586404	0.005033531859248	0.011200032864369	-3.11752377214545
ENSG00000112182	-1.05649627854504	2.81846287123917	-2.89571545965581	0.005252344659085	0.011628074094988	-3.19899431640772
ENSG00000101457	0.46711690680978	3.09913461216361	2.89179342992272	0.00531018651058	0.011743588333059	-3.19550387577037
ENSG00000096654	0.395357985996149	3.74648086511423	2.88618605663929	0.00539390815309	0.011901534912216	-3.33620512125292
ENSG00000198046	-1.25749110177371	1.10350663375357	-2.88462637734436	0.005417411308807	0.011944313721272	-2.9139618211067
ENSG00000118263	-0.654240526623346	4.55595180972063	-2.87504941158681	0.005563817973186	0.012229949473929	-3.51224667368587
ENSG00000171056	-0.710265325341225	0.520224155017604	-2.85578770536325	0.005869418358589	0.012823998678086	-2.87060774345185
ENSG00000065970	-0.532332443933913	3.73156432145506	-2.84882769295519	0.005983605465385	0.013051868707902	-3.45124540009606
ENSG00000065978	0.430482545653633	6.85688154537717	2.8334020213521	0.006244028686962	0.013538524474106	-3.70705123313609
ENSG00000177030	0.339596035214265	3.59911578135079	2.82717669227228	0.006352058313678	0.013741960382841	-3.4519214986921
ENSG00000126368	-0.61508398469119	2.48903064679187	-2.82672542628951	0.006359955857374	0.013755635750192	-3.26322354146427
ENSG00000172530	-0.306141368743623	4.08227006885095	-2.82443049277307	0.00640025946768	0.013819698232154	-3.57075932011453
ENSG00000005801	0.321386060437654	4.623210329217	2.82426283081645	0.006403213157469	0.013823777051649	-3.63145723433191
ENSG00000103343	0.389072552820278	2.46445579857215	2.81643041779465	0.006542605120932	0.014089076348859	-3.27900593915333
ENSG00000171448	0.525058594529562	3.6091709289325	2.80765307192459	0.006702133593065	0.014387945851549	-3.50317779154802
ENSG00000197044	-0.521165635851554	4.47248246451475	-2.80764875516922	0.006702212924233	0.014387945851549	-3.67211836491126
ENSG00000143842	0.544694253909115	5.10898687285587	2.79421974128579	0.006953233881525	0.014870899594387	-3.75511471490384
ENSG00000143365	-1.60901093664761	5.95234295314801	-2.78916208164426	0.007049996445527	0.015054377342185	-3.80735725310705
ENSG00000251192	0.268365845288104	3.44816798218056	2.78692836372985	0.007093124864528	0.015133112030877	-3.54469028696787
ENSG00000172262	0.439326651649576	5.40537869957804	2.78286819065902	0.007172140459566	0.015272502178903	-3.81240178902223
ENSG00000168214	0.363315709305655	6.23411100903738	2.76393311373399	0.007551440552273	0.015982515031724	-3.88858423193247
ENSG00000110693	-0.776576338016331	4.9055429148855	-2.76386060545177	0.007552927789937	0.015982515031724	-3.82733266080176
ENSG00000173875	-0.337799988066579	5.33294143177278	-2.75793670541814	0.007675347615201	0.016208475639087	-3.8784611629455
ENSG00000196466	-0.376443621596815	3.13450657358947	-2.75337028534168	0.007770955485642	0.016381770192858	-3.58083660364188
ENSG00000105967	-0.587016823328213	4.52068970446099	-2.7469958500504	0.007906247270267	0.016640385842801	-3.84397923770046
ENSG00000125347	-0.624826810405839	5.82644484342999	-2.74098229601905	0.008035858045574	0.016888685294334	-3.93998308469849
ENSG00000179909	-0.480429353658173	3.35105377333129	-2.73313487889198	0.008207926075123	0.017205463412131	-3.6583863237955
ENSG00000172059	-0.603960034672407	5.80975731590958	-2.73164717795255	0.008240925005293	0.01726466055678	-3.96252315851276
ENSG00000083812	-0.418814808061486	3.57264658959487	-2.73020445493444	0.008273042419655	0.017321943672491	-3.71388250586467
ENSG00000205250	0.338565843012059	4.83860935169487	2.7199128607661	0.008505500241525	0.017744654902963	-3.92454003356589
ENSG00000218891	0.756729196227924	1.87347629772211	2.71605419322018	0.008594188374708	0.017916802426915	-3.40757545294747
ENSG00000165821	1.4588016357784	2.79918554768115	2.71417797752433	0.008637616957893	0.017994415344953	-3.55472579290944
ENSG00000196646	-0.377833554197012	3.88631576820043	-2.7119705728303	0.008688968859641	0.018085816995283	-3.82296542601449
ENSG00000196345	-0.804953802633895	1.75144225402049	-2.69309917457067	0.009139528761005	0.018928620148381	-3.49280160410372
ENSG00000174282	-0.432087043837028	5.26871783044477	-2.68414172756386	0.009360783801032	0.019331677034377	-4.05666355170205
ENSG00000081189	-0.501761858959908	5.35143421728442	-2.6839303936193	0.009366062529121	0.019339826326494	-4.06634234156309
ENSG00000121413	-0.87514637826192	3.2268207919166	-2.68370924947723	0.009371589211298	0.019345732949412	-3.77959191387932
ENSG00000198040	0.356489308910407	5.78435298900698	2.67726346031437	0.00953399357088	0.019661406096434	-4.09242105775681
ENSG00000159885	0.490355727978869	1.91362527027346	2.67391298346398	0.009619422301439	0.019812241901573	-3.53167093812463
ENSG00000185129	-0.402908387101974	4.54079580583731	-2.67020801779117	0.009714703420492	0.019968806804274	-4.01912682792382
ENSG00000130699	0.394284892752816	4.20562701000227	2.65459406562614	0.010125793485469	0.020690723044372	-3.98801960578374
ENSG00000204947	-0.652211808639216	0.555808403361682	-2.6448318749049	0.010390817385898	0.021163725179529	-3.40347591594994
ENSG00000184677	0.285730407147537	5.74571433321212	2.64394231438727	0.010415278925174	0.021204619495247	-4.17318252534482
ENSG00000197619	-0.465787950610036	3.81016465853295	-2.63730143136439	0.010599558445154	0.021537495401298	-3.98689321899278
ENSG00000177842	0.646278908306767	2.97853127317035	2.63254501205799	0.01073336659234	0.021763674163481	-3.81089920801785
ENSG00000012223	-1.37321924993634	-0.084680144847525	-2.62866373830985	0.010843693368456	0.021953554254092	-3.33928460350901
ENSG00000156150	0.505538503903252	1.29089516368462	2.61429343382975	0.011261225186108	0.022688171581396	-3.57648633290135
ENSG00000170954	-1.16299728159756	1.43616765113701	-2.61063751394542	0.01136975756157	0.022871904870184	-3.63698878296008
ENSG00000130522	-0.498019845576366	5.17451910474805	-2.60741187466159	0.011466305558294	0.023040574115476	-4.23119894184266
ENSG00000177485	0.355643467953167	6.21967221268821	2.60416886240513	0.011564124695848	0.023211421519522	-4.27686833069927
ENSG00000049768	-0.705935145726156	-0.271558375080682	-2.60171183342723	0.01163874076165	0.023335369706143	-3.3896098160431
ENSG00000125952	-0.335737163330193	5.07501079351982	-2.59203328361905	0.011936939848812	0.023827905238784	-4.26355643756845
ENSG00000173917	-0.724365985863788	1.30249481679617	-2.59139233659967	0.011956930599134	0.023864527142708	-3.67097174778233
ENSG00000106031	3.49446864973885	-0.716830604856964	2.58696210527733	0.012095940560405	0.024105505275006	-3.23855396113205
ENSG00000152443	-0.286171175765647	4.7618091292696	-2.5862689789297	0.012117821495513	0.0241457950766	-4.24171883944818
ENSG00000019549	-0.80218603751451	2.85174236925199	-2.58410519305901	0.012186360361351	0.024252394619298	-3.95697735350083
ENSG00000134323	2.67664628754337	0.479005172444226	2.5824579658634	0.01223877278761	0.024340012428915	-3.44010658554229
ENSG00000069399	-0.619513921874844	3.66752915534725	-2.57905817307002	0.012347597024664	0.024529545245985	-4.08908930921519
ENSG00000198081	-0.251545585148242	4.33771652925927	-2.57476981463487	0.012486115855073	0.024767429372446	-4.22093315559194
ENSG00000227124	-0.835847774644595	3.64157385734047	-2.55570849926068	0.013119037241893	0.025849758106496	-4.18335406181635
ENSG00000156273	0.371571895432258	7.25666668220423	2.55084848668413	0.013284996431281	0.026141270265864	-4.38168026038889
ENSG00000249459	0.6202922467536	1.10406369360803	2.5388202905917	0.013703942076146	0.026852763732828	-3.71453474537354
ENSG00000185630	-1.21022083975251	4.8698067393014	-2.53749715137736	0.013750750033478	0.026929943925214	-4.37531545857168
ENSG00000081059	-0.517413642573404	3.82358479073182	-2.53567279552473	0.013815526542122	0.027049503666928	-4.22689719502335
ENSG00000103449	-0.781076073247299	4.8042136624051	-2.53291057034496	0.013914129140929	0.027209334675046	-4.38364829043703
ENSG00000106571	-0.889388642909494	1.0385781488258	-2.53163711560733	0.013959801458119	0.027273106995183	-3.75500310481494
ENSG00000106511	-1.36201801879399	0.227332810883077	-2.52782510825488	0.014097330397386	0.027497373484793	-3.63045409064049
ENSG00000104903	-0.581841880052013	1.18312178280381	-2.52512274009832	0.014195566924605	0.027648109946297	-3.80133545480286
ENSG00000185669	-0.515855682233365	-0.047732718175033	-2.51567555298048	0.014543874015372	0.028231768286662	-3.61246895743572
ENSG00000068305	-0.307501690431565	6.40371929917738	-2.51389756644423	0.014610283315269	0.028337935240736	-4.48786591753219
ENSG00000101115	1.54242780384367	2.37613194918992	2.50909259769039	0.014791125634404	0.02863787535627	-3.95636015425627
ENSG00000166949	0.373429659260777	5.87719313732366	2.50503101214012	0.014945563477401	0.02888785524561	-4.50154274185474
ENSG00000116132	1.32496339429941	2.35109557328047	2.5015817445941	0.015077860027105	0.029097061796988	-3.94155245278944
ENSG00000198169	0.579604869516233	4.2696036419802	2.50092445422908	0.015103189953354	0.029138193645715	-4.35507528887417
ENSG00000123685	-0.639109829084036	0.268433918018801	-2.50033634281837	0.015125886485437	0.029178102442731	-3.69676372201338
ENSG00000127989	0.384222698337323	4.53219999721265	2.48549919108512	0.015708764113514	0.030146202699725	-4.43700680326307
ENSG00000126003	0.555551211636229	3.38308443084825	2.48478730143951	0.015737233143061	0.030196843497566	-4.22865590373612
ENSG00000186376	-0.44026002429776	4.70126373018812	-2.4845042121774	0.01574856702465	0.030210602070287	-4.47384269408932
ENSG00000136826	-0.939977138958036	4.28868708016281	-2.48064721759685	0.015903721984672	0.03045590042776	-4.42815600349914
ENSG00000101096	-0.355566424271062	4.79393188702571	-2.4777557745748	0.016020937700855	0.030656098090034	-4.4992506979912
ENSG00000120656	0.410233921209378	3.9480858857241	2.46950485616871	0.016359711477515	0.031230220068626	-4.38577089364673
ENSG00000113916	-0.491849910778769	5.50732649431862	-2.4664089418071	0.016488481339682	0.031438817658845	-4.5819556726162
ENSG00000184939	-0.396468852293179	4.41791093696081	-2.46592586175798	0.016508656402612	0.031456620498255	-4.48421951573169
ENSG00000125812	0.247954874481662	4.79492459773287	2.45887644715758	0.016805602232286	0.031972063397343	-4.53669114142164
ENSG00000197013	-0.827073660516802	3.5987324655296	-2.45423433647595	0.01700375905204	0.03231515863845	-4.39381197932693
ENSG00000180884	0.444684110346934	3.76836857430064	2.4539509772107	0.01701592251886	0.032334040538654	-4.38831484656799
ENSG00000173039	-0.209111363539585	5.38087526397075	-2.45337383080843	0.017040721279289	0.032372685849593	-4.60199211266604
ENSG00000197808	0.466163152437275	3.02329943724817	2.44662654910428	0.01733305771922	0.032850637798266	-4.26136454267167
ENSG00000124216	-0.709819190026742	0.805243021389279	-2.4440640900971	0.017445255868472	0.033043621434781	-3.92054571696409
ENSG00000012504	-0.590602799221122	7.00924636636325	-2.43780290673422	0.01772215390694	0.03353114700098	-4.64096693197983
ENSG00000107249	-0.801243479574681	4.31754063158706	-2.4316096141009	0.017999926113404	0.033981387766062	-4.54875560307821
ENSG00000118707	0.536810717422067	4.41407364670737	2.42559463290847	0.01827343534346	0.034435020608271	-4.54683458691164
ENSG00000163435	0.729205966054476	6.0873374252867	2.41161497454108	0.018923563051698	0.035508323950373	-4.71258018157952
ENSG00000123268	0.273896962225282	4.82704510013877	2.41049511278979	0.018976528685977	0.03560167696031	-4.64791986461556
ENSG00000133794	-0.50290628185981	4.37923373152035	-2.40203068522353	0.019381182441911	0.036277533805883	-4.6234067814148
ENSG00000165804	0.595188276945771	3.59484415173239	2.40005064241906	0.019476949233764	0.036438047807257	-4.45970109102568
ENSG00000198939	-0.838977507787881	0.229361375202511	-2.40005000332857	0.0194769802123	0.036438047807257	-3.91856647901191
ENSG00000187098	-0.422803584643565	3.83995424081106	-2.3980705949807	0.019573139680432	0.036594357516417	-4.54529748129346
ENSG00000065029	0.257428074682276	4.51913803376971	2.39213192335229	0.01986419488784	0.037033555525737	-4.64462381619237
ENSG00000223547	-0.826422316851115	4.24231335555137	-2.38747248029138	0.020095259388275	0.037416269469162	-4.63380603672393
ENSG00000184635	0.856845218188196	2.56927846277375	2.3841075883367	0.020263618069031	0.037700721207407	-4.30391575989403
ENSG00000197579	-0.287830559535769	5.66513239208539	-2.38200655627688	0.020369379382692	0.037882921133106	-4.77796756769095
ENSG00000128652	1.25858184050538	-0.246052301070549	2.37656523655608	0.020645580652813	0.038325565501461	-3.82132439276074
ENSG00000139445	1.92777117456168	-0.473243848884048	2.37482665862083	0.020734533601972	0.038467421948998	-3.7955966233558
ENSG00000179456	0.586194711161937	5.74223947633664	2.37256825304836	0.020850594300104	0.038644166600652	-4.79506974612045
ENSG00000119866	-1.05263400078492	0.970236924380897	-2.36271283515416	0.021363888700316	0.03948455843339	-4.13496881701584
ENSG00000162772	-0.789472287291765	5.05248995392743	-2.35873555647722	0.021574208937435	0.039812426258909	-4.78210049013189
ENSG00000131061	0.272855712152373	1.52066348796897	2.35608176434169	0.021715568134038	0.04004782370837	-4.19494201167432
ENSG00000178935	0.329561298933629	4.14444671416769	2.35523331628485	0.021760936266841	0.040119023465725	-4.66872334190331
ENSG00000203883	-0.642748041332541	0.879387460303681	-2.35461514727939	0.02179404415174	0.040167026762771	-4.09965418322694
ENSG00000168610	-0.396675014180302	8.05962390050894	-2.34677602444315	0.02221780519034	0.040833939833107	-4.7977923759971
ENSG00000050344	-0.380176914730924	5.08846248464301	-2.34176260331013	0.022492651677107	0.04127634814595	-4.83062850395163
ENSG00000106852	-1.13436412252182	-0.652156923209201	-2.33254446334918	0.023005923558954	0.042079904548468	-3.96402317347987
ENSG00000088038	0.30994050831469	4.05722279558434	2.33032575818014	0.023131008540002	0.042287376660684	-4.70456378096752
ENSG00000197024	0.262789242091635	4.65057435587639	2.33014068285364	0.023141469915887	0.042301172870558	-4.80178856205523
ENSG00000111145	-0.321428665421116	4.90120493579511	-2.32834933804353	0.023242943405135	0.042440993089964	-4.85012051214434
ENSG00000197841	-0.389591315931893	4.58674810422021	-2.3222072396799	0.02359388430113	0.043019782507602	-4.82011533706622
ENSG00000196110	-0.376361295224256	2.55644965917428	-2.31980965145662	0.023732148846229	0.043228435302683	-4.48287758785671
ENSG00000075407	0.291255215577448	6.18389786575266	2.31155233152809	0.024213861892176	0.043956913157275	-4.93939368035801
ENSG00000197279	0.789222616117118	1.87789248147568	2.30832128029577	0.02440470598592	0.044236958939254	-4.3452817979579
ENSG00000106536	-1.81683867982594	-1.22150363904131	-2.30804239186631	0.0244212411712	0.044255875608947	-3.91294482288152
ENSG00000187079	-0.309502191407244	6.79260363444936	-2.3066734467947	0.024502549750001	0.044386593680191	-4.9431192330119
ENSG00000166526	0.2985691005277	5.46576378154198	2.30068147666624	0.024861278785778	0.044935468643569	-4.9389320088914
ENSG00000196453	0.369663690962509	3.02078657437626	2.29984650885059	0.024911635150553	0.045015271984164	-4.58289623751589
ENSG00000169957	0.332413089870186	4.54438733875479	2.29656726687964	0.025110280970699	0.045322953358938	-4.85899434067519
ENSG00000204335	0.771152040371492	0.89773795222235	2.29652026067632	0.025113138641071	0.045322953358938	-4.23202264928313
ENSG00000181135	0.434628859757531	2.38720604622183	2.2821139535051	0.026002658378846	0.046672922497689	-4.49085948730332
ENSG00000197372	0.577790734094208	3.58630494840681	2.26644124243563	0.027001971506475	0.04823988803422	-4.76084994446892
ENSG00000116560	0.222398812491507	8.34034629646539	2.26155407625591	0.027320458437506	0.048754856473819	-4.9679329161787
