Gene	baseMean	log2FoldChange	lfcSE	stat	pvalue	padj
ENSG00000162599	6560.31956519735	-0.313540634704103	0.102664246581935	-3.05403921173153	0.00225782567662804	0.00461335986138782
ENSG00000196482	377.958106455355	0.61820999107304	0.259199671524222	2.38507243252918	0.017075758918853	0.0290911758249477
ENSG00000118922	2927.82512056139	-0.53707925588044	0.134271582265651	-3.9999473218231	6.33565850164617e-05	0.000171811530894648
ENSG00000196628	17989.5290235595	-1.05868755636424	0.156250087633941	-6.77559656058888	1.23893961314292e-11	9.7292135773237e-11
ENSG00000163623	13.428016561255	1.86456041037075	0.54441435772177	3.42489205863975	0.000615043727308623	0.00139802229473542
ENSG00000116035	61.3763309172521	0.699737361162847	0.296256416708161	2.36193149481096	0.018180001316477	0.0307554817529733
ENSG00000251369	495.759901909762	0.313927043379521	0.121322538349031	2.58754100970413	0.00966636884827092	0.0173499164188811
ENSG00000169057	11356.9738510328	-0.369044354431766	0.0858097656366387	-4.30072674938286	1.70238875125038e-05	5.09068280711204e-05
ENSG00000069667	7661.4992381931	-0.806416066169574	0.121600213729918	-6.63169941428457	3.31843827324013e-11	2.44872928435452e-10
ENSG00000198740	8668.62173477508	0.257300542207511	0.07259750093238	3.54420660357399	0.00039379652639614	0.000929046946456825
ENSG00000166823	389.667083957805	2.82204515230739	0.275601103044157	10.2396003540495	1.31779577912941e-24	4.81870808703635e-23
ENSG00000169554	18127.6812547385	-1.25123101893027	0.165473847437656	-7.56150315173935	3.98437762226682e-14	4.44678258447183e-13
ENSG00000081189	8381.94041664721	-0.352407747527991	0.116320765007172	-3.02962027034695	0.00244861389008223	0.00496923807769676
ENSG00000113580	19005.7339806834	-0.682782164145273	0.104889212607395	-6.50955562704965	7.53734404594702e-11	5.32064012127156e-10
ENSG00000092067	29.0653398712584	-0.896629706404098	0.24744383596377	-3.62356856824423	0.000290566127731142	0.000703776713850217
ENSG00000171425	1169.26008693059	0.4352372440403	0.112751295019111	3.86015294960939	0.000113316074936731	0.000294612411776578
ENSG00000125878	67.9962692969279	-1.35492542823887	0.203484584628356	-6.65861461060309	2.76420693646439e-11	2.06400691542024e-10
ENSG00000189420	102.679882028229	-0.77639049561691	0.167271507098783	-4.64149877694596	3.45891069637206e-06	1.16876768552838e-05
ENSG00000221869	20252.3668377491	-0.581396842506647	0.163539266872943	-3.55509018490555	0.000377849463469964	0.000895497048976055
ENSG00000196812	679.50614712066	0.734495506790674	0.105810951507747	6.9415830433856	3.87730194239366e-12	3.28733084125806e-11
ENSG00000101457	2836.38601384365	0.861723626595142	0.151427664826452	5.69066179276253	1.26547939424548e-08	6.39666388735994e-08
ENSG00000180318	7.41925821171385	1.53892361586481	0.582393824002664	2.64241060334075	0.00823181930952816	0.0149965423046321
ENSG00000170166	94.6942044180022	2.34763582526541	0.399417410151741	5.87765021152566	4.16131057727692e-09	2.28290419235061e-08
ENSG00000082258	6224.06628532616	0.243612775064425	0.0725513778383172	3.35779667213657	0.000785663824737256	0.00175327183063553
ENSG00000167157	220.022730296779	1.00214343817899	0.252714396391555	3.96551780384634	7.32367852580963e-05	0.000196427647704624
ENSG00000250571	671.155122633134	0.429731990867356	0.121220073112627	3.54505635768829	0.000392529148827684	0.000926441572884583
ENSG00000260027	584.622935347712	2.17393314378472	0.281129197415349	7.73286148778378	1.05155693116434e-14	1.28638188481851e-13
ENSG00000122034	6390.88291278592	0.179694368874423	0.0738040984486745	2.43474783449035	0.0149021708216882	0.0257160388485651
ENSG00000105880	53.0432576745865	1.82727461730171	0.384303501567679	4.75476962829577	1.98672830791551e-06	6.98283108075004e-06
ENSG00000143190	4864.89423583737	0.205047659766401	0.088717787766642	2.31123504009981	0.0208198758936133	0.0347779430714471
ENSG00000213999	343.709657911669	0.799496197602512	0.210172513004166	3.8039998008049	0.0001423782939335	0.000364438135789838
ENSG00000214513	34.7921542891349	3.34221538565523	0.680572380895517	4.91088895094075	9.06644254737153e-07	3.37421396977345e-06
ENSG00000179528	31.622879004673	1.69493651381848	0.171785031381688	9.86661352380882	5.80928212489376e-23	1.79706183827379e-21
ENSG00000171956	28.4960225948996	3.82512584262043	0.643074574352358	5.94818392015066	2.71133844805206e-09	1.52930853361835e-08
ENSG00000114315	3568.14294682984	0.682457967408735	0.169251568080749	4.03221060311322	5.52546361400499e-05	0.000151255752723394
ENSG00000269404	478.514677386392	1.04901650507396	0.330780376143814	3.17133838864092	0.00151738272811289	0.00320326907383671
ENSG00000082175	1635.72599437738	-1.57315459914985	0.182597135778309	-8.61543962584286	6.96737292338941e-18	1.22442479947512e-16
ENSG00000102145	58.0827661140698	-1.31630578269681	0.17891855495395	-7.35701103239738	1.8807381127417e-13	1.92247559988827e-12
ENSG00000131668	163.456014493532	7.72388867168978	0.63651274788146	12.1346959623317	6.91664244400546e-34	6.6053028533434e-32
ENSG00000066336	7729.22490789088	-0.779286483646671	0.157120438066325	-4.95980340455589	7.05645562104251e-07	2.66726660202287e-06
ENSG00000064490	2710.52801901911	0.243534856076639	0.112640708381455	2.16205011115444	0.0306143138411776	0.0492984920466659
ENSG00000256229	1479.15135392308	1.25549686352679	0.303242912201946	4.14023481838444	3.46950481372215e-05	9.83626804901605e-05
ENSG00000065978	48936.8434126034	-0.166157472290545	0.0671812182310347	-2.47327268938668	0.0133881943622635	0.0233364353803369
ENSG00000180806	61.7099429998832	2.88593425495507	0.54381402078063	5.30684047243283	1.11541715250251e-07	4.80524668099583e-07
ENSG00000120656	2031.52277588709	0.319388441945536	0.0774569153083115	4.1234335330065	3.73266204867141e-05	0.000105338561403159
ENSG00000125850	737.948564180912	0.935086921366794	0.184593294823458	5.06566027905344	4.06987171125122e-07	1.60503062943818e-06
ENSG00000242441	54.7815275107978	-0.944653782079177	0.43171714989123	-2.18813123897714	0.0286600439885671	0.0464812817407554
ENSG00000257923	19478.7085062202	-0.282753772711366	0.0681331288711526	-4.15001890264111	3.32447819232025e-05	9.45356145888622e-05
ENSG00000170684	198.493044968104	0.487744403894738	0.153441114354304	3.17870738848071	0.00147933348124635	0.00313066316032352
ENSG00000212993	65.7963156207543	0.788415783715749	0.298019768890111	2.64551504972967	0.00815666585972365	0.014871134049292
ENSG00000124613	324.786555932143	0.536349111373731	0.15523259223412	3.45513209342543	0.000550023278153472	0.00126503339483986
ENSG00000143621	14591.3145865973	0.909997964511674	0.0935052629412089	9.73205075187941	2.20109965001947e-22	6.3307658483537e-21
ENSG00000173917	1471.8219011245	1.1446526276704	0.282928911934595	4.0457251959284	5.21613943518254e-05	0.000143183521520332
ENSG00000179965	314.029839402147	0.617065663092131	0.145680623054993	4.23574288846358	2.27797315718297e-05	6.6555112140462e-05
ENSG00000172789	31.0880490698843	1.438823637937	0.402493867634296	3.57477157700278	0.000350533796323504	0.000836342176551919
ENSG00000119547	94.9520851089722	3.22984897346428	0.317730594175831	10.1653697587488	2.83046005600897e-24	9.92980204751452e-23
ENSG00000077463	1213.61145344889	0.260988121115121	0.0914621767234441	2.85350874497855	0.00432393378101512	0.0083521571311949
ENSG00000118263	2076.59827570774	-0.707941865092818	0.144032781746382	-4.91514401450211	8.87172189617289e-07	3.30501025908644e-06
ENSG00000127528	11418.6861023838	-1.50147617569701	0.201535146529604	-7.45019517216792	9.32022481643593e-14	9.86979850010323e-13
ENSG00000106004	1860.16760546597	-1.40726699555119	0.190543677722899	-7.38553497218484	1.5184161807587e-13	1.56656311222964e-12
ENSG00000186300	1180.73609672388	-0.38989682552234	0.0798990449475187	-4.87986841117365	1.06156646139708e-06	3.91060824526e-06
ENSG00000122691	101.018014936853	1.02941367409577	0.348666829215795	2.95242789918122	0.00315285690581479	0.00626811642556404
ENSG00000108511	865.852411112801	0.95812424098546	0.26595127639861	3.60263072980863	0.000315012884022947	0.000758599990043245
ENSG00000176692	114.031832485405	-1.12893915470286	0.273660639999907	-4.12532527404468	3.70211153936165e-05	0.000104532492940699
ENSG00000188283	712.886138338736	-0.407858891920691	0.090798327689198	-4.4919207467872	7.05836914028729e-06	2.2637489995552e-05
ENSG00000147117	36.070357405304	-0.604930296828481	0.225879198734285	-2.67811423193552	0.00740379631951823	0.0136271628370198
ENSG00000203883	2699.15876121908	-1.63462363694593	0.212187873777169	-7.70366189098321	1.32221409386065e-14	1.59203280547871e-13
ENSG00000176472	253.428833117519	-0.551629748071546	0.108303609601694	-5.09336438647117	3.51764691426158e-07	1.40192405791779e-06
ENSG00000197961	798.303115925595	0.338587245092354	0.114213742165654	2.96450530971372	0.00303170011149638	0.00604703000534466
ENSG00000197576	560.152888364012	-1.58382260272934	0.218366591704	-7.25304448070626	4.07506179858313e-13	3.98805658303935e-12
ENSG00000257446	39.9761192663914	0.747565165266139	0.257440579118959	2.90383578154049	0.00368621452939179	0.00722929372467333
ENSG00000043039	622.627226541619	4.13544325021417	0.384963147359398	10.7424393181027	6.43220479430191e-27	2.99941351781816e-25
ENSG00000167981	585.299614800213	-0.4597923475981	0.11837129803126	-3.88432293339114	0.000102615443905473	0.000269019252398441
ENSG00000113722	21.7675100478112	1.5464577043562	0.270910762927492	5.70836569077213	1.14066136410313e-08	5.8062468085217e-08
ENSG00000176083	361.178754529565	-0.660054043183883	0.290230442004902	-2.27424124989871	0.0229514853489392	0.0380109406128202
ENSG00000105996	190.667338258482	-0.810339768670706	0.266480687388561	-3.04089492042301	0.00235876134491753	0.00480344881384729
ENSG00000104903	1180.54023066016	-0.86126440530128	0.137506456995802	-6.26344699818407	3.76559183658507e-10	2.39016120651705e-09
ENSG00000165702	56.3668561422848	-2.32124295179175	0.24756677356129	-9.37622976783304	6.83739896761949e-21	1.69709827603404e-19
ENSG00000159556	24.6347229093738	0.693814476710115	0.314852924749844	2.20361452021245	0.0275514652462367	0.0448687805821104
ENSG00000149922	243.703835066384	1.1676161531828	0.151951189939947	7.68415274434017	1.54012824442858e-14	1.83172196949431e-13
ENSG00000160113	5676.23405971128	0.886463359826174	0.153165936858966	5.78760119909967	7.13986736090792e-09	3.76033618414388e-08
ENSG00000142025	11.5801765845555	4.4465435596284	0.928969492042644	4.78653346284948	1.69686658063067e-06	6.03953703240152e-06
ENSG00000171223	38188.0404723109	-0.81275822869531	0.224955579732004	-3.61297207948153	0.000302707309515166	0.000730928352211767
ENSG00000214717	7884.40389262028	0.301574271940181	0.0827263979489977	3.64544183497639	0.000266932786690284	0.0006507177495417
ENSG00000120068	234.231631903023	4.33393756241378	0.554517866609963	7.81568606420068	5.4664462873815e-15	6.9069337094554e-14
ENSG00000196391	215.680421193634	1.26134993189722	0.113976398613617	11.066764235754	1.81848692811427e-28	9.81618201683232e-27
ENSG00000172216	13197.8127247406	-0.324938960621202	0.125092914833521	-2.59758085462829	0.00938830144827377	0.0169088155816472
ENSG00000176222	240.606494229478	-0.471748167238642	0.168570115228622	-2.79852788021671	0.00513361373503438	0.00976594457783628
ENSG00000107175	4853.29147351846	0.229763520525841	0.0759919234109152	3.02352553025179	0.0024984794666021	0.00506552460948311
ENSG00000204366	564.625315799447	0.843018746716883	0.159698438905554	5.27881645239778	1.30020964149583e-07	5.5493088890213e-07
ENSG00000130522	29919.4769456894	-0.632662520259214	0.19609102928338	-3.2263715610617	0.00125370486619377	0.00269556562134494
ENSG00000158773	5788.21674910471	0.210449509099973	0.0774497307474359	2.71724003516875	0.00658288467343726	0.0122350990886824
ENSG00000006377	64.4847897839401	5.20612229652702	0.727572800826808	7.15546580439899	8.33892748912072e-13	7.79637989913376e-12
ENSG00000121454	76.1501959589679	0.408336966761982	0.145121136543035	2.81376632301175	0.0048964807679809	0.00935261088796432
ENSG00000124664	1714.71750559039	3.80812043069419	0.248989765615311	15.2942849730528	8.34725406848711e-53	5.24179731320762e-50
ENSG00000133740	770.445752219204	0.766955898494093	0.116939002550765	6.55859791656037	5.43160372605164e-11	3.91603454248323e-10
ENSG00000112592	1370.93002805563	-0.121034549922523	0.0541183045979189	-2.23648081405672	0.0253202926911911	0.0415581010009343
ENSG00000164532	15.6143906134539	1.31726822500656	0.454913730784033	2.89564402185944	0.00378381356613225	0.00740605337894705
ENSG00000164011	912.141459204667	0.448232625399417	0.0903614468386213	4.96044099647858	7.03333229817332e-07	2.66012742753036e-06
ENSG00000029153	882.641012276283	1.47617286301662	0.29212118653143	5.0532892890937	4.34265367694044e-07	1.702981944627e-06
ENSG00000131848	308.067279416126	-0.325893575746983	0.0930187065737163	-3.50352727694311	0.000459139629463902	0.00106958470130709
ENSG00000169856	31.372304660599	6.30004627272422	0.599184064322235	10.5143755447677	7.41705114352836e-26	3.07774948222314e-24
ENSG00000142409	3275.97767920081	0.448996279200962	0.121360307926921	3.69969627525443	0.000215857644550442	0.000534860208560538
ENSG00000100219	43806.2977039907	0.782543407006586	0.14089700815003	5.55401010483713	2.79189331509539e-08	1.32987302561522e-07
ENSG00000163132	271.487543038242	-1.30475484810696	0.223623540038604	-5.83460420974339	5.39184009222354e-09	2.89971097623178e-08
ENSG00000204335	306.167645106746	1.81395443702738	0.309110136018979	5.8683110828692	4.40256650483868e-09	2.40335990682863e-08
ENSG00000100823	10175.4284683446	0.548886338652144	0.0950407338612151	5.77527462544286	7.68276727507183e-09	4.03154880161127e-08
ENSG00000180818	293.032172064576	7.50364904975728	0.896895012117844	8.36625128735956	5.94802773301251e-17	9.50423193063806e-16
ENSG00000126456	4140.202963464	0.398919235777477	0.086789285679865	4.5964110967447	4.29830247663469e-06	1.42864714815316e-05
ENSG00000128645	1092.98265006118	2.46459134882999	0.331731047913303	7.42948652027922	1.09020056392352e-13	1.14610984507563e-12
ENSG00000170608	459.438234198275	3.98156669040488	0.324337877758225	12.2759842850452	1.21900237542097e-34	1.24808618209542e-32
ENSG00000197757	138.147930283337	1.5896071825042	0.483669922783304	3.28655371695788	0.00101421428028551	0.00221527916826652
ENSG00000008197	22.5749997156218	6.35661144046205	0.898573045143245	7.07411765222572	1.50402644011419e-12	1.36222856275535e-11
ENSG00000123388	159.800273209018	7.83377613692666	1.10781451801818	7.07137883599945	1.53401713058836e-12	1.38720920224074e-11
ENSG00000167685	3303.27400212481	0.39548663279494	0.125427729824389	3.15310365059354	0.00161544435982613	0.00339165900978095
ENSG00000168875	27.2570214777161	5.87261088655119	1.14507928739318	5.12856266915843	2.91962708126581e-07	1.17779131871449e-06
ENSG00000178860	547.115216095093	0.611043562173271	0.218640462640335	2.79474144352887	0.00519412385807918	0.00987208427788071
ENSG00000176842	1715.6324226856	0.64501851871203	0.230858370133543	2.79400100736616	0.00520603164979294	0.00989172266772054
ENSG00000178665	577.434458563181	0.256373593579289	0.10503734811215	2.44078509394158	0.0146553731294018	0.0253295939802569
ENSG00000187140	18.3067290528412	2.63138476399297	0.544203627543561	4.83529442071265	1.32948710853053e-06	4.81102720660903e-06
ENSG00000116478	9982.13330779924	0.407734661564417	0.0925317823772502	4.40642826809595	1.05089087660646e-05	3.25656442439702e-05
ENSG00000165030	4281.60566189091	-0.548561792741442	0.176326041180885	-3.11106509887951	0.00186413838652568	0.00387493137633865
ENSG00000196110	382.37874558707	-0.486616237346522	0.141865795154923	-3.43011672979465	0.000603321640502147	0.00137419615347841
ENSG00000019549	1213.75007955649	-0.617062002683046	0.191769796613192	-3.21772256935583	0.00129212732949849	0.00276743824015713
ENSG00000162086	1500.29692761638	0.323409088597252	0.108564718068553	2.9789520421638	0.0028923604409632	0.00578994563248388
ENSG00000122386	1290.78144390796	0.320453921971098	0.102571966728603	3.12418619035544	0.00178297594345226	0.00371606193148547
ENSG00000090447	998.927211574309	0.816991549102149	0.144043924049219	5.67182235901174	1.41286441092166e-08	7.09218029239358e-08
ENSG00000152475	291.46996151867	0.398370230524671	0.116923481705123	3.40710201847519	0.000656565813671696	0.0014847009199089
ENSG00000185122	7064.46476966123	0.320228597211895	0.105552527641011	3.03383163216144	0.00241469151174285	0.00490515132518045
ENSG00000160908	2051.72684686476	-0.157168638662033	0.0653328309930369	-2.40566092534371	0.0161432402640298	0.0276751754785747
ENSG00000115297	13.5847441883669	2.37844447328847	0.456444803522601	5.21080414309219	1.88023865755279e-07	7.81421047201345e-07
ENSG00000188295	896.457489145325	0.37001815347445	0.0865732031965429	4.27404947272676	1.91954414501367e-05	5.68589499181016e-05
ENSG00000170577	341.614370428887	3.21370254593443	0.424971843424317	7.56215404775812	3.96448458707482e-14	4.42720362394206e-13
ENSG00000170345	93407.9657384241	-1.49201777344185	0.279130504504823	-5.34523367873637	9.03004792343506e-08	3.95437175336107e-07
ENSG00000131931	1361.14309186651	-0.171330617931809	0.0648765464597974	-2.6408714285983	0.00826930942381097	0.0150561051739804
ENSG00000218891	1410.89926401949	0.346309895893885	0.15937198224439	2.17296598195557	0.0297828777070241	0.0480623293749038
ENSG00000186777	46.43675266662	0.918681847128258	0.332185175854454	2.76557147610577	0.00568231508015539	0.0107059839779025
ENSG00000116819	234.520086968966	0.492173471395824	0.200216778420003	2.45820293024279	0.0139634247009633	0.0242426465709564
ENSG00000160973	9.26508944875843	2.24831790429132	0.34296899753453	6.55545521739166	5.54723949062353e-11	3.99176641573173e-10
ENSG00000135638	10.095522749526	3.25204488883314	0.629695818476352	5.16446956357749	2.41121705716156e-07	9.84928840847066e-07
ENSG00000137273	2231.87688425189	-0.829594725950933	0.204849121825246	-4.04978414629792	5.12648970908601e-05	0.000140848524469087
ENSG00000178150	219.489242071347	1.17957809257488	0.262343042081985	4.49631933522465	6.91398738222164e-06	2.22122456162472e-05
ENSG00000165512	4742.5766827884	-0.347888224037682	0.0622400545858718	-5.58945885173839	2.2777833231429e-08	1.10169858856711e-07
ENSG00000120149	233.896089387259	1.90929792394183	0.272263719473978	7.01267847082472	2.33798331878297e-12	2.04957039285958e-11
ENSG00000198633	17.9830488109647	-1.16771912650062	0.375939690903331	-3.10613418789262	0.00189550677304232	0.0039301620181977
ENSG00000173153	4511.98854257204	0.2727976950352	0.118240007537651	2.30715221282723	0.0210463360547834	0.0351188596046116
ENSG00000109705	15.3423770222527	1.38654767115304	0.360364942747117	3.84762086062862	0.00011927044198118	0.000309027074196597
ENSG00000197905	1462.10037497415	-1.08386007513272	0.139129106661038	-7.79031865541511	6.68404085106938e-15	8.38911696157869e-14
ENSG00000180532	50.9404118878178	1.88178370373789	0.397855769667428	4.72981378480673	2.24725868262968e-06	7.83276712711573e-06
ENSG00000132170	3174.75145958239	-1.01879533151574	0.185930959691509	-5.47942813400251	4.2670271721305e-08	1.97909566345789e-07
ENSG00000104856	2802.28001678027	0.351435117052947	0.140446458159651	2.50227112636373	0.0123399383498968	0.0216514946981192
ENSG00000168310	5853.8652364898	-0.171955568750568	0.0715529404535331	-2.40319360267573	0.0162525803989953	0.0278372908570481
ENSG00000181135	1127.22098975457	0.322699389169318	0.114394795109887	2.82092720092145	0.00478850682312446	0.00916216535048158
ENSG00000221818	100.951627270799	-0.895178443565846	0.266349470714564	-3.36091692303445	0.000776841878861284	0.00173646466016466
ENSG00000037965	38.7293082910455	1.68212209981073	0.503119437713921	3.34338523562909	0.000827629190104804	0.0018356141173045
ENSG00000018869	354.786632186432	-0.569162167259095	0.124625467394085	-4.5669812050479	4.94798356969136e-06	1.62650606298056e-05
ENSG00000178913	13156.8422265426	0.258228087983006	0.0923158811908358	2.79722280340038	0.00515439751969181	0.00979954535003271
ENSG00000130818	1400.67390624153	-0.272086981915261	0.0966860328163417	-2.81412913519886	0.00489095764706551	0.00934300863040632
ENSG00000128652	58.4478263787212	1.44729746673942	0.345564890890445	4.18820749703492	2.81166392582331e-05	8.08686056466952e-05
ENSG00000115844	3.53277491763027	2.74232637150734	0.800615843910309	3.42527117389217	0.000614186063486904	0.00139640975742575
ENSG00000273841	4585.92919098528	0.267465936300118	0.0865582871190846	3.09000957854151	0.00200150040423839	0.0041321935468983
ENSG00000169957	3460.25581916531	0.373797968908881	0.095336287925542	3.92083620038593	8.82422307400088e-05	0.000233482497880762
ENSG00000256771	1150.26025570389	0.347019909696253	0.117962084256891	2.94179194850893	0.00326319084028131	0.00646427468349732
ENSG00000197363	872.642043690468	0.466346776378044	0.135272817915302	3.44745369812609	0.000565897396159036	0.00129789883689312
ENSG00000172201	6584.61858817556	-1.59558063857783	0.171394821880555	-9.30938648595693	1.28572857464308e-20	3.05831320930568e-19
ENSG00000164736	1162.85327404845	-2.0355695952485	0.226299210755097	-8.99503621093671	2.3615435309638e-19	4.88891412965133e-18
ENSG00000178935	1522.113383183	0.554358546590553	0.129557092100209	4.27887456876364	1.87840673963994e-05	5.57631650930931e-05
ENSG00000106511	1612.85681166071	-1.18290153615696	0.209436084645011	-5.64803117935453	1.62295747309385e-08	8.06087419868575e-08
ENSG00000049768	529.052817144046	1.60335968368914	0.231694994832986	6.92013085930017	4.51226633635994e-12	3.78479899869479e-11
ENSG00000135625	28.0205199965914	2.38535212161524	0.529027129730855	4.50894101183204	6.51520191460519e-06	2.09991255550466e-05
ENSG00000197279	582.221363447017	0.589584946483119	0.137044768759285	4.30213390719572	1.69161022271917e-05	5.06005795265267e-05
ENSG00000069011	393.318370935619	2.85455273723584	0.405936778538697	7.0320130822138	2.03574709958645e-12	1.8030766153789e-11
ENSG00000164683	2983.94474261057	-1.31573611253938	0.204997902411089	-6.41829061207118	1.37812989181376e-10	9.32229408685077e-10
ENSG00000123364	140.935477172502	8.39966738918267	1.15678549464753	7.26121431159719	3.83630553525867e-13	3.77203340181306e-12
ENSG00000172262	2427.26360052429	0.300296037251477	0.0947689343667052	3.16871809584237	0.00153112824949648	0.00322866857983705
ENSG00000175197	1893.66934477266	0.443107177626265	0.160172072607521	2.76644467673237	0.00566711996717817	0.0106784229907651
ENSG00000198939	274.743587335055	-0.508029339184797	0.166633924367064	-3.04877497853139	0.00229776519969833	0.00469089711715613
ENSG00000106689	10.7910324804837	1.83334801355989	0.416160346170584	4.40538852495187	1.05594444319018e-05	3.27025108749955e-05
ENSG00000109906	2948.50149680696	-2.30101150144392	0.325977354876667	-7.0588078190723	1.67937138351122e-12	1.50655607114133e-11
ENSG00000175832	2738.86566481787	4.24908987661072	0.232800914987176	18.2520325439648	1.99352318680788e-74	1.87779916581368e-70
ENSG00000143171	484.263906246903	-2.01797104815008	0.259471138940281	-7.77724665792033	7.41200032589135e-15	9.22899366420801e-14
ENSG00000130182	12.0363314261779	2.05900753909053	0.600574199962753	3.42839825490044	0.000607154070184887	0.00138108856897043
ENSG00000121075	5108.62239996273	-1.61728793497986	0.214692200262842	-7.53305398612459	4.95671057309352e-14	5.46718211279326e-13
ENSG00000138738	727.470662342288	-1.02612869345023	0.133737039505159	-7.67273372617651	1.68368777372079e-14	1.99365141226436e-13
ENSG00000159692	13796.0693673594	0.239583972375084	0.0685861064249119	3.49318520708535	0.000477295352716706	0.00110860929545707
ENSG00000173875	1993.37900159407	-0.31994000825686	0.0810478655393413	-3.94754391281975	7.89570389865195e-05	0.000210421793389028
ENSG00000123268	3224.02826527435	-0.19231433068291	0.0613495663160594	-3.13473007603915	0.00172012306759448	0.00359421012316021
ENSG00000163795	1885.77623399347	0.363468577505258	0.085166662077013	4.26773303827015	1.97469441245858e-05	5.83366285656376e-05
ENSG00000164458	48.4684959104229	6.52188190080796	0.731479812620011	8.91601078838788	4.83386457199563e-19	9.62633981731772e-18
ENSG00000106031	7.78525380413269	5.16316555815885	1.25350893748984	4.11896988026118	3.80569882215699e-05	0.000107200299208456
ENSG00000163884	1690.48529002873	-1.18172275511161	0.200703845608589	-5.88789293761812	3.9115036088131e-09	2.15716675897044e-08
ENSG00000169136	3755.41321387802	0.669056785336826	0.129329841766934	5.17325913490666	2.30045617168557e-07	9.43778175487468e-07
ENSG00000175213	1081.37304030758	0.432090183477795	0.0868861682928123	4.97306063747249	6.59040354952898e-07	2.50720138266511e-06
ENSG00000171291	940.761282573405	-0.496118255964626	0.122157682315682	-4.06129394860774	4.88014792412314e-05	0.000134771860355969
ENSG00000169131	1342.97366219814	0.261930556383751	0.0987809322822758	2.65163073815967	0.00801040942897674	0.0146271302929624
ENSG00000167967	2287.62429200214	0.385245701844412	0.0783017529407	4.92001375928542	8.65381286656437e-07	3.22893999986544e-06
ENSG00000103241	4369.72924480238	-2.32805784811858	0.185418685249999	-12.5556809173772	3.69984653180951e-36	4.55564763482087e-34
ENSG00000073861	573.610179472629	-1.74939749155109	0.177664205324686	-9.84665137445118	7.08657486199398e-23	2.17258590792256e-21
ENSG00000139515	28.5662446916342	6.95684419656457	1.02797359248261	6.76753201389488	1.30997671280581e-11	1.02528671759654e-10
ENSG00000196466	675.098098989398	-0.365192810819043	0.0914112209935342	-3.99505451135889	6.46793694774011e-05	0.000175071069193212
ENSG00000100811	8934.80102771963	0.188642319779936	0.0731282206114209	2.57961041855947	0.00989118312861357	0.0177247216741131
ENSG00000130700	310.815994787446	-0.761463640471665	0.295730916564465	-2.57485300934262	0.0100282694528434	0.017960126268858
ENSG00000185507	3315.23817419428	0.785689671931959	0.13784410284414	5.69984247219001	1.19918186869125e-08	6.08440269977766e-08
ENSG00000064195	290.985721070129	2.69726000255378	0.276956341189155	9.738935714462	2.05697315340842e-22	5.97092715517122e-21
ENSG00000134323	105.821000769165	1.81903113264588	0.324774862454215	5.60089878539266	2.13243227702229e-08	1.03886453754391e-07
ENSG00000130675	202.162545487807	5.16817505415559	0.367632035202121	14.0580106173668	6.87929816369811e-45	1.87824779863636e-42
ENSG00000204531	287.979892464264	0.522088769004379	0.134429228516108	3.88374444134981	0.000102860020876563	0.000269510421876713
ENSG00000170631	978.725222462529	0.235818994667458	0.0913950054613228	2.5802175236726	0.00987380986189352	0.0176969559497871
ENSG00000103343	1049.16809359582	0.27448294099019	0.0749492023555187	3.66225299754613	0.000250006768263861	0.000612228975344193
ENSG00000197054	512.777759882647	-0.463550392829675	0.129550078529938	-3.57815601572601	0.00034602688985874	0.000826839241254287
ENSG00000129654	6565.39303003759	0.639714028457031	0.282708711677363	2.26280267297562	0.0236478560733365	0.0390619868974648
ENSG00000065029	3536.50983448875	0.22276506905941	0.0820835334538405	2.71388254971603	0.00664997384614608	0.0123500450796082
ENSG00000179059	77.9222001015542	-0.510378280987497	0.234974612148034	-2.17205712703106	0.0298513542350925	0.0481563334847498
ENSG00000005073	7.17991185338773	2.15674082884141	0.746336148720175	2.88977136179162	0.00385522109520584	0.00753329636060396
ENSG00000140968	5643.89942636967	-0.416687882452549	0.170753358356304	-2.44029099318248	0.0146754352840892	0.02536194159407
ENSG00000179943	1389.15068338792	0.311712240291515	0.106267421502683	2.93328129998566	0.00335399856791116	0.00662813165014982
ENSG00000157613	8507.1860324273	1.46523841164955	0.25869847157858	5.66388507326176	1.47983540425439e-08	7.39682122068146e-08
ENSG00000160741	5534.75700237708	0.195751109901153	0.0786506022994089	2.48886981381228	0.0128149881850666	0.0224057134495099
ENSG00000135547	569.154027687138	-1.23055599017341	0.191140953854018	-6.437950451546	1.21097514824184e-10	8.29885806392432e-10
ENSG00000186272	836.197563338713	-0.236445115811243	0.0817745885077642	-2.89142532082315	0.00383498723990801	0.00749531327032131
ENSG00000143355	84.3096611196055	3.61030876428464	0.500766089839017	7.20957117013507	5.6128355886056e-13	5.38940925860045e-12
ENSG00000126778	2040.64155554968	2.58458275700309	0.337579685770606	7.65621530544163	1.91492582790964e-14	2.25189061622907e-13
ENSG00000197935	353.245424118892	0.674964233834448	0.124953771168286	5.40171158920378	6.60080184056846e-08	2.95795684763248e-07
ENSG00000101412	933.041629682729	0.676059946314969	0.173265654720876	3.90186934279661	9.54526788907038e-05	0.00025150112134573
ENSG00000170689	307.472064985208	7.34062339485233	0.768379768414792	9.55337932699142	1.25533262686264e-21	3.34028409003746e-20
ENSG00000101057	1224.38563456523	2.93196640114821	0.336836447305092	8.7044214621245	3.19198786590261e-18	5.82128358235618e-17
ENSG00000196793	359.036194237034	1.06754314401506	0.14405605339579	7.41060940411862	1.25720357807937e-13	1.31288570994664e-12
ENSG00000177030	2711.54325744486	0.481587894986069	0.094485264486283	5.09696297729033	3.45145795810346e-07	1.37700161949833e-06
ENSG00000016082	10.9175099126994	1.0729920393801	0.485616254250051	2.20954720932303	0.0271366025430399	0.0442658633049033
ENSG00000163508	488.998013933749	-0.890908204198354	0.24498116781338	-3.63663955131859	0.000276218026536291	0.000671874938917648
ENSG00000198440	598.929394149209	-0.676992371392067	0.107213003769615	-6.31446137678248	2.71104017196836e-10	1.75630281291994e-09
ENSG00000230797	339.142442877605	0.459840014420726	0.135987011011746	3.38149953440043	0.000720913550083585	0.00161913332975974
ENSG00000137309	9487.53179213116	1.67764856805824	0.193726709513235	8.65987231328896	4.72292997197829e-18	8.41771785639536e-17
ENSG00000198176	6506.92201887216	0.312922526373763	0.0869925730565964	3.59711772371854	0.000321762879879975	0.000773569537271421
ENSG00000137270	33.6304642702505	2.65585456055106	0.419951404165263	6.32419497639279	2.54556142921482e-10	1.66052049047708e-09
ENSG00000178175	883.989502309846	-1.66271938464563	0.202134913840521	-8.22579015695167	1.93908242051338e-16	2.90153881811371e-15
ENSG00000152433	273.539669078056	-0.307212342008624	0.118298192067296	-2.59693184350493	0.00940605859971003	0.0169310852245306
ENSG00000127903	281.701889860718	-0.481622891285152	0.164327000606604	-2.9308810451555	0.00338002182547094	0.00667116093976397
ENSG00000103495	12626.263184517	0.540821995459204	0.092804164693673	5.82756169665816	5.62430599451714e-09	3.01012217700876e-08
ENSG00000012223	7250.69591630924	1.46995079906438	0.400521635280172	3.67009087545576	0.000242464254178724	0.000595616649429257
ENSG00000198353	178.743580695739	1.47556695471555	0.29344863673024	5.02836534242277	4.94678708851033e-07	1.92705793962874e-06
ENSG00000184635	481.497611961305	0.822835723371012	0.15707937584443	5.23834347410407	1.62024309491426e-07	6.79967914125411e-07
ENSG00000198028	7.50754899173975	-1.82233740885438	0.466198119180372	-3.90893342096327	9.27045064840358e-05	0.000244602268578817
ENSG00000197008	832.884661842532	0.654479787553478	0.0993683344142728	6.58640190973626	4.50613015802738e-11	3.2924371294805e-10
ENSG00000170260	1560.56490251049	0.491286945962	0.0935983238914846	5.24888615026467	1.53021603719469e-07	6.45493504807673e-07
ENSG00000106536	83.5169577974058	4.11775666033226	0.605181801995761	6.80416471009666	1.01637202881749e-11	8.07908550670577e-11
ENSG00000105856	9440.99045110066	-0.211153931174172	0.0811037263030617	-2.60350468220349	0.00922760072120669	0.0166448458432414
ENSG00000198342	265.339106204398	-0.55359067614864	0.10332231234621	-5.3579005693725	8.4194550711267e-08	3.7059372449756e-07
ENSG00000177599	299.65620132785	-0.327621855940399	0.117586330967293	-2.7862239874763	0.00533260099828939	0.0101107961158186
ENSG00000133111	777.087133152071	-0.589120160568448	0.0793063751207313	-7.42840862000825	1.09911972091879e-13	1.15484196443888e-12
ENSG00000128610	133.004067750461	6.18710599684108	0.493097465183089	12.5474301404972	4.10621091191256e-36	5.02317580321563e-34
ENSG00000223547	1612.85431502423	-0.529640668856359	0.129766195433492	-4.08149955454163	4.47460634942203e-05	0.000124604667933553
ENSG00000133794	2310.16445659564	-0.393505453228388	0.166744512870457	-2.35993044961006	0.0182783615711165	0.0309158271793538
ENSG00000159915	151.080001469048	0.568471404809745	0.202271383409751	2.81043910031587	0.00494739508762727	0.00943646613909185
ENSG00000102878	905.324573922958	1.10096655100518	0.175395389900782	6.27705523861247	3.45045524049097e-10	2.20051206078569e-09
ENSG00000087510	1239.01777392591	1.50305933018304	0.189381261336913	7.93668454614984	2.07657303005165e-15	2.75109418517181e-14
ENSG00000100146	32.4952861314952	-0.83768285494712	0.241110986284865	-3.47426248739004	0.000512259649373621	0.00118337946469033
ENSG00000204231	6193.11060184567	0.16864107411595	0.0763568179014295	2.20859222202858	0.0272030168385133	0.044349205487255
ENSG00000088038	4192.49034693745	0.16676591220144	0.0702850468071298	2.37270827547522	0.0176582044495575	0.029964232897245
ENSG00000004848	503.54121612317	2.88384817036861	0.457062349678748	6.30952904433183	2.79885840720863e-10	1.80946099977363e-09
ENSG00000136352	18361.0055632275	0.556902363264282	0.195398369481628	2.85008705416369	0.00437072645234425	0.00843475882357236
ENSG00000088881	1844.14029418559	0.486401126956738	0.179795431133099	2.70530304297146	0.0068242102881039	0.0126399860011395
ENSG00000123358	32584.2293793842	-1.06497262034513	0.320160018085163	-3.32637606255334	0.000879831369836301	0.00194429831980599
ENSG00000278570	27.6609423106335	-0.680025999550546	0.181546020092844	-3.74574997128979	0.000179855655375021	0.000452436999814397
ENSG00000152284	2647.1834573104	-0.501267219015731	0.118208282084694	-4.24054228837016	2.22980418985597e-05	6.52388276637625e-05
ENSG00000126767	3153.06450124613	0.237677939355054	0.0599280123164974	3.96605744405149	7.30712588087798e-05	0.000196039510780205
ENSG00000186230	516.611806836159	0.377952274643538	0.0889463284922801	4.24921726450284	2.14518780745487e-05	6.30274377801657e-05
ENSG00000185668	46.0480190361455	0.746930417318796	0.25413509546531	2.93910770549498	0.00329158667262719	0.0065164145991618
ENSG00000136826	14151.5041222651	-1.71808646916935	0.264012623705874	-6.50759211833521	7.63649241640407e-11	5.38614304128178e-10
ENSG00000196109	88.3750003173505	-1.33763319905913	0.221681785814269	-6.03402392373291	1.5992637231118e-09	9.2903266357395e-09
ENSG00000171161	5481.13572714731	0.510411008208634	0.083577377698627	6.10704741238872	1.0149109749475e-09	6.04104513650426e-09
ENSG00000180257	1331.45142306558	0.309824909999989	0.107599480889091	2.87942755336658	0.00398397819330183	0.0077655628746625
ENSG00000130726	19105.6588971264	0.289987583463629	0.0768085996669673	3.77545723683259	0.000159714423917275	0.000405070009716956
ENSG00000115507	182.426318304636	2.42889394882506	0.276319289724275	8.79017151227021	1.49331816460856e-18	2.8104516386674e-17
ENSG00000137709	593.329993995141	1.28619983225125	0.214412383467348	5.99871990344772	1.98879060978194e-09	1.14402523046357e-08
ENSG00000007866	4388.6482735012	0.546235385262191	0.106889371344884	5.11028719122817	3.21669459395285e-07	1.28934700969101e-06
ENSG00000096401	6322.20465522745	0.252411026747843	0.083399107942859	3.02654348438334	0.00247367238164074	0.0050173895346393
ENSG00000125952	6515.21778680997	-0.171297247914328	0.0646561300649932	-2.64935819298398	0.00806448081803193	0.0147144556058987
ENSG00000168348	12.2255595033342	-1.35896279390231	0.52467864006377	-2.59008598813388	0.00959519610161435	0.0172353069563609
ENSG00000275410	3580.71519601817	1.08257904198363	0.198936575673384	5.44183008237269	5.27359659747448e-08	2.41256159057362e-07
ENSG00000196646	1796.7767505105	-0.252482509023867	0.0812402084905913	-3.10785156408243	0.00188452693946458	0.00390911726630403
ENSG00000172818	277.560260933417	2.48201575586621	0.230031409525446	10.7898993489046	3.84210101548199e-27	1.83243901343456e-25
ENSG00000061455	1023.8391733572	-0.896837163354993	0.18928948192535	-4.73791334961061	2.15930099098357e-06	7.55274254904187e-06
ENSG00000110777	2598.70867120475	2.05468792793492	0.327511171901865	6.27364225776879	3.52698374707139e-10	2.24703573929922e-09
ENSG00000134107	28569.0259842925	0.452786626369253	0.183542227906898	2.46693434820313	0.0136275340571238	0.0237097445605979
ENSG00000159184	209.105757674204	7.5293757905878	1.12213637935938	6.70985802535539	1.94813865854979e-11	1.49009274009012e-10
ENSG00000131115	1698.39984029842	-0.181522987480989	0.0591483344086094	-3.06894503955071	0.00214816106930585	0.00440937092881378
ENSG00000197841	1859.63537050065	-0.298096909870013	0.106112791800441	-2.80924575456109	0.00496577242098842	0.00946672603106667
ENSG00000132010	756.672487106469	-0.313765658848932	0.102910663767989	-3.04891298297631	0.0022967099581055	0.00468925099173616
ENSG00000005513	150.462296106639	1.42265146065905	0.344793824739104	4.12609321450444	3.68977762113454e-05	0.000104215473170245
ENSG00000172530	1212.27082707771	0.27481799378151	0.0793372260641283	3.46392239072455	0.000532360077727899	0.0012266550274359
ENSG00000198393	1214.90404912341	0.221390017558987	0.0784198584171392	2.82313717504239	0.00475562193206564	0.00910479284331144
ENSG00000197587	68.3433781089784	1.99109717318284	0.24604110783183	8.09253864416742	5.84338538304721e-16	8.26844728104293e-15
ENSG00000196387	2357.42184533688	0.193383769564234	0.0705462966131243	2.74123205396238	0.00612092614829164	0.0114340235704181
ENSG00000186446	653.445149717953	-0.291003983657417	0.130061932036547	-2.23742627147539	0.0252584930800922	0.0414679521687022
ENSG00000116560	22164.5720565973	0.319737970131273	0.0758859818105553	4.21339966226541	2.5155536484621e-05	7.29421505054294e-05
ENSG00000196453	2086.85275374961	0.254110275556338	0.0784582996659823	3.23879406816299	0.001200362078776	0.00258766691864756
ENSG00000142700	253.024543124716	6.46607332041801	0.686456173959654	9.41949911109409	4.53244985526055e-21	1.1430632238722e-19
ENSG00000105991	86.8247580263869	0.765241938722164	0.269466531058819	2.83984039025287	0.00451361112927081	0.00868026950432144
ENSG00000167081	3499.01567220427	-0.28240470763789	0.0934172515480775	-3.02304663173	0.00250243679077148	0.00507300190480405
ENSG00000096654	1548.11986852163	0.23803264966722	0.0857655380305969	2.77538805367608	0.00551358771111166	0.0104203931470338
ENSG00000167182	3737.9762349853	-0.201036736773514	0.0597345929037745	-3.3654994032915	0.000764052324577084	0.00171051476443347
ENSG00000129514	5646.60151199688	1.38215717910142	0.249496900892906	5.53977694374124	3.0285714866105e-08	1.43643651148679e-07
ENSG00000170365	3398.68872956338	0.527645858550823	0.111943868198522	4.71348602689959	2.43514430940756e-06	8.44389538835432e-06
ENSG00000146757	1341.12820998688	0.678452918833042	0.118601080361328	5.7204615401991	1.06235074280826e-08	5.4488498893996e-08
ENSG00000167384	1164.37136966271	-0.25626292049851	0.0820745511550415	-3.12231887828934	0.00179432474333015	0.00373847421362494
ENSG00000171872	55.2368585247982	-1.60530355100733	0.213879024319374	-7.50566146500751	6.11191830499201e-14	6.6556317310835e-13
ENSG00000120738	61126.1971275826	-1.33063813232546	0.28252131766632	-4.70986806700743	2.47877194404864e-06	8.58710828228033e-06
ENSG00000196381	228.759403748432	-1.22453411094365	0.149861044092405	-8.17113025175905	3.05513567603311e-16	4.46861032614812e-15
ENSG00000106290	4497.4235566641	0.264525921903019	0.0778098472237304	3.39964582043728	0.000674731910788835	0.00152285545313896
ENSG00000137834	6455.47251381432	-2.22261811678772	0.183776643766453	-12.0941272581529	1.13441373916166e-33	1.03118674076538e-31
ENSG00000213347	744.708289663984	0.462232342768977	0.112115566267845	4.12282039110164	3.74261518303467e-05	0.000105565395168723
ENSG00000221994	373.179933774515	0.307727915520597	0.127911235887503	2.40579268416451	0.016137419560956	0.0276702327394966
ENSG00000143995	4053.20065768535	-1.01307472360329	0.208006413957385	-4.87040137046372	1.11371783336116e-06	4.09072533879723e-06
ENSG00000253293	297.616665278443	4.08750535281469	0.456655926238265	8.95095216761074	3.52429071865228e-19	7.18551004855956e-18
ENSG00000159917	601.915404382608	-0.3718595537103	0.0940171470946819	-3.95523120198288	7.6460672421645e-05	0.000204318100390265
ENSG00000177374	2078.65326302363	-0.573523355266138	0.187735997811417	-3.05494610491403	0.00225100968946616	0.00460092997069036
ENSG00000175745	5610.13045573472	-0.814535510035229	0.19700533139101	-4.1345861265986	3.5559488139596e-05	0.000100631695517778
ENSG00000143365	4742.7970725683	0.679937925584834	0.187516295288473	3.6260204721879	0.000287822546315711	0.000697401689941765
ENSG00000197385	390.411607606265	0.76255852822514	0.174237520725964	4.37654602205038	1.20574742023575e-05	3.70072917071054e-05
ENSG00000204304	12831.9676154867	0.179565507719475	0.0709875274455057	2.52953602106117	0.0114213449671539	0.020201550824919
ENSG00000147140	29802.9690827715	0.522913277236084	0.0682013192007265	7.66720179850296	1.75789097450544e-14	2.07711496576991e-13
ENSG00000107485	889.491439156072	-0.614398384717815	0.203413350914212	-3.02044276816881	0.0025240540500142	0.00511352341630472
ENSG00000171056	3483.16202887575	-1.98976730357577	0.291366498195877	-6.82908747538334	8.54564573184129e-12	6.86823463917057e-11
ENSG00000067955	6769.91108523282	0.354281780194834	0.0767433873575015	4.61644699815565	3.90365660977445e-06	1.3064662794731e-05
ENSG00000135100	270.235620930886	1.56278627232603	0.251332892546092	6.21799342097424	5.0355266804184e-10	3.1380842584321e-09
ENSG00000167377	1463.50973227284	-0.203321743002984	0.0704089105811918	-2.88772743853954	0.00388035957621582	0.00757848787645966
ENSG00000103199	1674.36220125126	0.485378123727308	0.0925258382468086	5.24586572706948	1.55550161576971e-07	6.55132907209605e-07
ENSG00000112333	34.5394549021682	4.26012621394152	0.479083177041316	8.89224756387997	5.98850886510256e-19	1.18257356928372e-17
ENSG00000039600	45.6226611403064	0.915814050951469	0.310034864132759	2.95390666308842	0.00313778891506951	0.00624079448595802
ENSG00000197162	1178.09979079686	0.317508747639646	0.0928422964296499	3.419871759422	0.000626506627471389	0.00142184777194718
ENSG00000197362	870.48778361198	0.647755526637928	0.091947576307484	7.04483524907447	1.85681071651226e-12	1.65749871967471e-11
ENSG00000180938	326.935271972329	0.521868843158906	0.17995739074391	2.89995782335806	0.00373212874713363	0.00731553152296853
ENSG00000006194	3851.29711823598	0.306043883134569	0.0771667938205378	3.96600490939557	7.30873574576174e-05	0.00019605478102578
ENSG00000197497	395.493497396145	-0.445923765245002	0.0837910932274018	-5.32185162013346	1.0271634002222e-07	4.45458823590837e-07
ENSG00000131061	733.018300490239	0.462049001036292	0.0870500456135784	5.30785478375694	1.10922956095082e-07	4.78077686999599e-07
ENSG00000141510	5295.90490862324	0.526089487608447	0.112649956633529	4.67012596658082	3.01015095768683e-06	1.02900079644098e-05
ENSG00000198482	1606.54651273317	-0.227626132711801	0.0862873130438895	-2.63800232829153	0.00833960092892228	0.0151679611797612
ENSG00000077092	1390.04587291361	-0.550859588396955	0.158912186202712	-3.46644018662148	0.000527399064365237	0.00121626526791244
ENSG00000177606	44610.7306831207	-0.687700483760311	0.184998312571091	-3.71733381890195	0.000201336336584165	0.000501450984255563
ENSG00000172748	482.155144954628	-0.499188545432392	0.121651489351349	-4.10343143428895	4.0706713089554e-05	0.000114084166601325
ENSG00000177045	2355.08698066471	0.3277659100075	0.111200016449553	2.9475347259161	0.00320318773324542	0.00635677380244502
ENSG00000196267	919.592606289904	-0.198093776635353	0.0834063850824141	-2.37504330681178	0.0175468913268903	0.0297887614406855
ENSG00000164048	2011.53259724334	-0.487145536732238	0.105676593111124	-4.609777079206	4.0310096617392e-06	1.34407417730097e-05
ENSG00000258289	7186.06916704332	-0.536158985436403	0.0882694604438084	-6.07411649216682	1.24672202826884e-09	7.34427651361996e-09
ENSG00000121068	11560.2002350419	-1.85403256542256	0.178079197084175	-10.411281024286	2.20237847573141e-25	8.6982406927262e-24
ENSG00000172273	1577.67763226117	0.190026096784139	0.0652925220277599	2.91038071256226	0.00360988736423642	0.00708919712861981
ENSG00000175329	9.12176495698125	4.20433872092653	0.783042187511271	5.36923653409927	7.90706579011011e-08	3.49018773242466e-07
ENSG00000163435	23470.2987714993	1.36568510624675	0.17352485944425	7.87025623084003	3.53915636010802e-15	4.58556854663514e-14
ENSG00000068323	8920.10320859171	-0.178637060516229	0.059040579892277	-3.02566575128772	0.00248086386088039	0.00503089281755927
ENSG00000164778	94.1214062581718	5.33393981899226	0.523233511623162	10.1941861530341	2.1050015135316e-24	7.49643166605327e-23
ENSG00000180828	402.203663384634	0.673776860829747	0.251864347826988	2.67515774520251	0.00746940957315098	0.0137311877915628
ENSG00000136574	33.1469295569809	2.68861942054454	0.611907327939154	4.39383432389926	1.11368702993172e-05	3.43574538758316e-05
ENSG00000186812	2653.53763444355	-0.22031871021512	0.0709400041985481	-3.10570478116252	0.00189826129896852	0.00393544014650247
ENSG00000177426	5311.66791768074	0.452694467534491	0.097025326789158	4.66573504584246	3.07515745616212e-06	1.04931880667702e-05
ENSG00000155090	14205.4495915701	-0.592559429057033	0.17907274643565	-3.30904306127884	0.000936154376488022	0.00205838145409172
ENSG00000273706	9.98223081459904	3.33883182474004	0.932767988451459	3.57948800353132	0.000344268051218338	0.000823161088705053
ENSG00000196946	16.3646504957433	-1.42875918577514	0.306993257426323	-4.65404093156033	3.25492145306871e-06	1.10625050071011e-05
ENSG00000169016	1967.96079303709	0.419501888685125	0.060735336048604	6.90704812021482	4.94842121126238e-12	4.12675109335865e-11
ENSG00000120837	5044.86204871706	-0.558193530002442	0.0657259929499645	-8.49273635816168	2.01827790600705e-17	3.38880013112894e-16
ENSG00000101115	181.267921350611	4.43946644083693	0.366105649358077	12.1261893899234	7.67379271663071e-34	7.2283290494303e-32
ENSG00000092607	290.499196353868	1.86306566725311	0.350665870587552	5.3129369679789	1.07872358718045e-07	4.65675381734474e-07
ENSG00000197928	488.413146303659	-0.640671289971206	0.113152889517222	-5.66199672588738	1.49621679914347e-08	7.46681543816263e-08
ENSG00000198131	2227.48341129412	0.236441095896825	0.0883003516075691	2.6776914428114	0.00741314747971042	0.0136409733708014
ENSG00000147421	1763.86096112329	-0.959313532132276	0.155656654668319	-6.1630100825206	7.13749608553093e-10	4.36569119335445e-09
ENSG00000161940	3855.93249620987	-1.67349441240618	0.166204478449912	-10.068888805006	7.58299445054188e-24	2.53740732599926e-22
ENSG00000162702	3732.4637087615	0.638746674000594	0.120119188189155	5.31760731678224	1.05140673380959e-07	4.55029897960922e-07
ENSG00000153234	5291.54938577316	-0.878599959268441	0.311103186475249	-2.82414323434885	0.00474071936863773	0.00907902939776011
ENSG00000125347	12210.3568464732	-0.818591473428542	0.167756110922186	-4.8796521863114	1.06273091571345e-06	3.91413249679876e-06
ENSG00000101665	6791.57701110173	-0.888544527320162	0.0696969680799346	-12.7486826442881	3.1705773411841e-37	4.20637369933572e-35
ENSG00000134317	1654.79577476126	1.56367374969286	0.21488481374126	7.27679970710103	3.41832189559157e-13	3.38223561927782e-12
ENSG00000085644	2156.49168464237	0.54463825950557	0.0804727531098803	6.76798342865072	1.30589709202716e-11	1.02251850859101e-10
ENSG00000174652	3817.57399065467	-0.241713818056805	0.0928114465672746	-2.60435352531219	0.00920477564406855	0.0166084444362233
ENSG00000160685	8159.22766236417	0.602008751361776	0.0947649905092953	6.35264930779185	2.11637836686545e-10	1.40043737454788e-09
ENSG00000120093	1980.1651417181	0.886605930998862	0.273269382341896	3.24443932723352	0.0011768208515349	0.00254011549290398
ENSG00000005801	1853.72090615564	0.430720519729131	0.0772495857305373	5.57570005917668	2.46536393851996e-08	1.1851235324771e-07
ENSG00000196092	255.040753727534	1.55824098131627	0.374204878247127	4.1641386093508	3.12530217884972e-05	8.92625344865827e-05
ENSG00000149054	231.057275910171	1.19904798917111	0.271444479799902	4.41728632704189	9.99477932472252e-06	3.11689534346048e-05
ENSG00000157557	28422.4792710163	-0.733846835422404	0.15174755149981	-4.83597150774011	1.32496901063875e-06	4.79744208945289e-06
ENSG00000165244	509.226245169275	0.360583530988811	0.143372345831787	2.51501451620155	0.0119027482843929	0.0209821161158115
ENSG00000050344	3824.72809823951	0.936758149105412	0.179222720781665	5.22678232436053	1.72485363122391e-07	7.208189343085e-07
ENSG00000129173	342.882708659126	2.09862317806434	0.268232379210845	7.82389950176266	5.12116960886688e-15	6.48807762349987e-14
ENSG00000170265	3696.92305487785	0.324699370744399	0.0885329874548399	3.66755240141452	0.000244883375282246	0.000601010670524002
ENSG00000006704	2273.19422087638	0.852482721802857	0.128582742295146	6.62983777283338	3.36055998824067e-11	2.47787043516501e-10
ENSG00000165495	1931.07582096821	-1.48618117637082	0.233177647049814	-6.37360053664718	1.84641139616526e-10	1.22913584071934e-09
ENSG00000143390	8240.48675765032	0.341598117375142	0.0976492735838289	3.4982146291328	0.000468384037255465	0.00108896542982299
ENSG00000164651	65.4993984844553	7.34328750013479	0.822792801600195	8.92483196966882	4.46376312190981e-19	8.94604611209138e-18
ENSG00000175395	2568.97301093665	-0.763826503924557	0.0768358615013647	-9.94101567939068	2.75998502784804e-23	8.82773479450413e-22
ENSG00000153879	5113.57299353436	-0.182705133405962	0.0794713658690825	-2.29900582943223	0.0215046082923569	0.0357979425306805
ENSG00000215271	2102.13654005651	0.301782907718523	0.10520658679109	2.86847921715946	0.00412450294658402	0.0080088137508448
ENSG00000109381	4871.60471720521	-0.150183616970925	0.0678478660499742	-2.21353486431401	0.0268607923391528	0.0438729379987256
ENSG00000213988	442.563522551777	0.712483245810519	0.284998996578166	2.49995001514017	0.0124210830603282	0.0217816982010167
ENSG00000066136	4911.56970285089	0.213978321133706	0.0619328645369385	3.45500442670601	0.000550283787491378	0.00126547806061402
ENSG00000160961	1372.41052963181	-0.600162756351393	0.086933523846749	-6.90369755871615	5.0666110952594e-12	4.21226330201199e-11
ENSG00000123933	12959.2542261095	-0.59618644981728	0.0870757138208758	-6.84675925877221	7.55416818223159e-12	6.12724503801723e-11
ENSG00000125740	49923.8666846901	-1.34050734138959	0.501049634155306	-2.67539830390153	0.00746405143508792	0.0137239181129828
ENSG00000105497	1305.3015351373	-0.480826559991035	0.121882130431285	-3.9450127618348	7.97957287525892e-05	0.000212476570172442
ENSG00000152192	15.0549766604257	1.89454202130039	0.489088153904388	3.87362074950348	0.000107230239191621	0.000279754947532328
ENSG00000166526	3017.429539447	0.224150372741338	0.0808119199482289	2.77372908458229	0.00554178070347449	0.010471575393456
ENSG00000120690	11939.4125969375	-0.302423468963843	0.10569689328712	-2.86123328282058	0.00421996411560379	0.00817872190630402
ENSG00000119950	5186.92418801215	-0.485475210499878	0.084182074670733	-5.76696657095646	8.07110538532207e-09	4.21545756457118e-08
ENSG00000179348	4355.20508056391	-2.20447675361698	0.16126386679449	-13.6699981058143	1.53399180234277e-42	3.48179175473921e-40
ENSG00000106459	2330.84631186932	-0.238803031723952	0.0430316317746425	-5.54947655656118	2.86526167962063e-08	1.36240950990341e-07
ENSG00000111206	1132.69477372411	2.20728798798707	0.283650832662552	7.78170812074783	7.1551799586421e-15	8.92691624111645e-14
ENSG00000185252	1560.40768046642	0.411182397506292	0.123201758531064	3.33747182190275	0.000845442940136359	0.00187225808736674
ENSG00000122877	4354.55886971733	-1.10048475791476	0.242264228761479	-4.54249793104305	5.55915423339842e-06	1.81030159940459e-05
ENSG00000180884	1340.75574068754	-0.416297582633442	0.133482799068275	-3.11873578872518	0.00181628751044734	0.00378214219181136
ENSG00000124459	1809.85662574959	-0.178463493949769	0.0697173612514004	-2.55981423775106	0.0104728126740433	0.0186852275751778
ENSG00000118495	2928.14486700464	-0.814437353063879	0.146610446492295	-5.55511133448928	2.7743487200719e-08	1.32218455698038e-07
ENSG00000115207	6772.45539888885	0.433809706404274	0.0568173246703772	7.63516601531309	2.25529622459478e-14	2.61461695847022e-13
ENSG00000125398	3707.95249198846	2.31603186293847	0.24473769491993	9.46332302302757	2.98309125409882e-21	7.67738471802837e-20
ENSG00000214575	245.514640997281	-1.22582154374738	0.151078296761548	-8.11381627952916	4.90542882175582e-16	7.00166481861855e-15
ENSG00000167625	1845.09177229715	0.212071656293209	0.0812442302832451	2.61029805506009	0.00904633659007966	0.0163460516996462
ENSG00000143799	16800.2308723879	0.719870372379567	0.0892035726030822	8.06997243913854	7.03140387031136e-16	9.82675204100859e-15
ENSG00000113916	8509.03155219698	-0.458461854815294	0.110943972995352	-4.13237278634777	3.59037487918053e-05	0.000101544921706774
ENSG00000213096	2731.60817232284	0.36313787844087	0.112134992747701	3.23839926808498	0.00120202459794672	0.00259095439367487
ENSG00000180035	1231.98068660493	0.452237415194931	0.104999460609104	4.30704512738916	1.65449865586443e-05	4.95364785766231e-05
ENSG00000184481	3857.80986005349	-0.64940782582948	0.0886428717063137	-7.32611447856811	2.36921429244534e-13	2.39322402441704e-12
ENSG00000197472	108.193833530073	1.24947914959022	0.265291520657892	4.70983447375799	2.47918052695593e-06	8.58710828228033e-06
ENSG00000273274	19.0184419800615	1.87535498632323	0.41845729264077	4.48159231373022	7.40881728187596e-06	2.36687652659422e-05
ENSG00000187792	1082.4391659021	0.234317075473212	0.089314969167433	2.62349164599669	0.00870335794394553	0.0157565404868335
ENSG00000274349	384.002681127026	-0.494838062090686	0.13365407797568	-3.70237907877923	0.000213587167122579	0.000529582606136123
ENSG00000196670	2955.80906551385	0.379780607016234	0.0831936518659465	4.56501906693783	4.99448943868415e-06	1.64093454020528e-05
ENSG00000204604	2378.15679937195	0.54821926280157	0.0950691100994322	5.76653407429807	8.0918355405613e-09	4.22511335223488e-08
ENSG00000173275	1067.95549096485	-0.216917467415489	0.0883200924617092	-2.45603759427146	0.0140478460610638	0.0243847205329753
ENSG00000143842	5990.30151801554	-0.589994869839307	0.137718342561782	-4.28406891097043	1.83506034797679e-05	5.46140630261211e-05
ENSG00000112837	141.281720958243	2.06938566518492	0.411797545537261	5.02525012014108	5.02776825669802e-07	1.95577382176201e-06
ENSG00000164749	457.306608349814	3.0274668544969	0.2853607361671	10.6092621401288	2.69871798762138e-26	1.16876202686894e-24
ENSG00000184486	47.2804820787487	6.68689758798216	0.799691527308922	8.36184623649138	6.17442854710501e-17	9.84928530050054e-16
ENSG00000080298	804.645778923868	-0.663603331568248	0.166909722370756	-3.9758219122442	7.0136598424617e-05	0.00018891955643714
ENSG00000244405	9567.06161444876	-0.399974645786752	0.143443014692457	-2.78838705840295	0.00529712138903751	0.0100526311925131
ENSG00000087903	2385.70633286205	-0.769044239864562	0.187755004043328	-4.09599863280924	4.20352409714721e-05	0.000117440590933051
ENSG00000159882	733.403037398228	-0.401100518358116	0.0877785363595327	-4.56946008663492	4.88982275485812e-06	1.60988659344953e-05
ENSG00000184828	2335.16966875664	0.489471483331968	0.179814196437611	2.72209588024268	0.00648693186806494	0.0120698577246889
ENSG00000197579	3585.34462763057	-0.274336393590541	0.0729130652690532	-3.76251351631185	0.000168214214209579	0.000425241522302403
ENSG00000110851	4413.17910836395	-0.279135990966964	0.0566241385689098	-4.92962891836782	8.23859548760653e-07	3.08439786150675e-06
ENSG00000175879	256.148261890423	0.843575247315489	0.352170997290517	2.39535695388226	0.0166041917539246	0.028351886925785
ENSG00000160336	1915.7718405633	0.177076192411371	0.0807042137404543	2.19413812741984	0.0282254809898253	0.0458514047827651
ENSG00000166704	1239.32492068661	0.241193954036841	0.105356699318728	2.28930818444847	0.0220614525079384	0.0366568798550937
ENSG00000197566	719.417861877186	-0.400578515179997	0.119649868849959	-3.34792272678812	0.000814197099823926	0.00180816446582376
ENSG00000137203	559.48382115701	3.29374583682378	0.299667738691871	10.9913260973699	4.20698949749904e-28	2.20767340232269e-26
ENSG00000140044	6633.03075047544	-0.684737143595957	0.170348380215554	-4.01962814515471	5.82900702824694e-05	0.000159056580830162
ENSG00000126561	6045.48879942017	-0.435158177893124	0.112331380544377	-3.87387901567908	0.000107116604865151	0.00027949719100479
ENSG00000198911	21753.8486665006	-0.270856071887177	0.122927443113029	-2.20338164552997	0.0275678607513845	0.0448916007170311
ENSG00000172059	5185.50780416834	-0.781892974512739	0.0990117907222273	-7.89696831871572	2.85768970010239e-15	3.75425496933256e-14
ENSG00000112658	10141.0588853978	-0.508339650896883	0.104570205051958	-4.86122840291176	1.16659556504609e-06	4.26830333072504e-06
ENSG00000164093	80.468647188051	7.00204069986038	0.727738312295767	9.62164638243563	6.47857821039434e-22	1.78435577347396e-20
ENSG00000126351	6077.28189682507	-0.682307276938472	0.0906466202329241	-7.52711215470832	5.18748108694845e-14	5.70835024515314e-13
ENSG00000111783	11.5932619410296	-1.07676919397867	0.286101379516993	-3.76359315637173	0.000167489293454081	0.000423704954932381
ENSG00000151702	7873.24022099789	-1.41603889718992	0.141962569448709	-9.97473420415612	1.96627201219455e-23	6.32126253203635e-22
ENSG00000153560	10645.6672839187	-0.265314734620448	0.0679341739196205	-3.90546788622715	9.40432473732828e-05	0.000247960914942656
ENSG00000176371	1095.56243600392	0.469047289265698	0.110842501457843	4.23165557522256	2.31977452847801e-05	6.76819457054315e-05
ENSG00000167635	10215.9392620625	0.621466027836538	0.0981226306554223	6.33356468008836	2.3956081210697e-10	1.57140882287019e-09
ENSG00000131845	1996.33821105593	-0.373894629090019	0.088720497569904	-4.21429815354026	2.50556114574978e-05	7.27083586333643e-05
ENSG00000106852	943.776606036795	-1.70625730478275	0.228793224402548	-7.45763913786489	8.80865238932465e-14	9.3860974186927e-13
ENSG00000178951	6559.65509933649	-0.243225855163969	0.0851392202398255	-2.85680153610563	0.00427933318194153	0.0082753395416338
ENSG00000197044	1455.66255824412	-0.596588910462051	0.103856962847623	-5.74433234040703	9.22843807396455e-09	4.77753627027805e-08
ENSG00000140548	5333.82459433207	0.278616099972792	0.0812755831066399	3.42804184630981	0.000607951740541193	0.00138273606664923
ENSG00000117595	6829.73304161977	1.03696022485573	0.171576246105098	6.04372836214489	1.50592972186399e-09	8.78878873302224e-09
ENSG00000143373	5265.51694589488	0.692572387337328	0.0885705995225996	7.81943885522206	5.30593267562486e-15	6.71312731202798e-14
ENSG00000179388	2630.48603799176	-0.867288002081948	0.332957611311766	-2.60480004846581	0.0091927890384157	0.0165931735838568
ENSG00000101076	177.801344274082	3.05369915547	0.475572173775086	6.42110561522087	1.35288120114161e-10	9.16796005334774e-10
ENSG00000171469	3891.70018898896	0.197556501216621	0.0838196543495089	2.35692335824788	0.0184270495786342	0.0311175320017829
ENSG00000188785	1933.86674319936	-0.243886916168983	0.0752418148420329	-3.24137471538949	0.00118954708634541	0.00256582065029323
ENSG00000263001	12087.2348926252	0.436899746235793	0.0756184279972502	5.77768882277849	7.57337080142509e-09	3.9764418207371e-08
ENSG00000100644	20628.2734955693	0.585617141275875	0.105874680783648	5.53122934531031	3.17994228608931e-08	1.50255662722941e-07
ENSG00000187187	584.350098833876	-0.376814284856139	0.0904455264344005	-4.16620146635378	3.0971701651465e-05	8.85530258630975e-05
ENSG00000139800	10.4468769893021	3.69322723498914	0.7845326918353	4.70755046083468	2.50711231457511e-06	8.67269351712824e-06
ENSG00000149948	865.819060372051	5.6687062088083	0.536373111194168	10.5685875941612	4.16723248822758e-26	1.7721555947115e-24
ENSG00000170581	14629.3485812683	0.228993964326422	0.104991213858683	2.18107740553077	0.0291776917145825	0.0472272990988074
ENSG00000130699	2502.89214934877	0.438941022400182	0.106482731347286	4.12218034648837	3.75303190444782e-05	0.000105843365341156
ENSG00000177732	2418.17323594862	1.08341916285086	0.166034896218651	6.52524973680297	6.78883229854849e-11	4.80807562678026e-10
ENSG00000173253	156.666186806793	-1.38396268262023	0.249502064841356	-5.54689871404556	2.90781072562548e-08	1.38194364934557e-07
ENSG00000182318	873.803568424066	0.18162417228776	0.066485890068584	2.73177018613129	0.00629950651768095	0.0117431628029479
ENSG00000186564	284.66866177976	1.21832478340148	0.195400279534126	6.23502067809837	4.51718419305095e-10	2.83664110042956e-09
ENSG00000185730	1366.49370994854	0.454334819597054	0.151279207530218	3.00328661826378	0.00267080767321505	0.0053865052730648
ENSG00000120798	3025.13890553746	-0.439674151079601	0.0829016849508114	-5.3035610957784	1.13565171469688e-07	4.88794668795398e-07
ENSG00000134532	731.359121263371	-1.06098461721983	0.217035432364233	-4.88853182018345	1.01590778787667e-06	3.75341965401228e-06
ENSG00000198538	2403.07422215217	0.38706416469021	0.0973681735120939	3.97526368965043	7.03013191775811e-05	0.000189282056879584
ENSG00000089225	2740.30138120189	-1.18575105756305	0.1844975408821	-6.42692066188989	1.30214738255879e-10	8.85921074034851e-10
ENSG00000144852	56.5424280563723	1.75715215085741	0.338617256374451	5.18919847638926	2.11201191043445e-07	8.72356772213868e-07
ENSG00000139687	8153.29358630272	-0.500669912229484	0.116865020435832	-4.28417254677495	1.83420528785537e-05	5.45972403506199e-05
ENSG00000213020	1991.14697900112	-0.131481885020575	0.0605069306288567	-2.17300536738628	0.0297799133171193	0.0480616625530036
ENSG00000256463	5.15186994584298	3.40406851925666	0.894846522887967	3.80408084759675	0.000142331692597929	0.000364368359403777
ENSG00000135111	5473.6361786433	-1.96137046655628	0.168749715818073	-11.6229556716458	3.15044939009909e-31	2.18203367867929e-29
ENSG00000181638	1644.56100370404	0.512567715768623	0.11877863647791	4.31531907561464	1.59372535696915e-05	4.78396940725651e-05
ENSG00000102935	1157.94747035224	-1.33393184052165	0.216544128799514	-6.16009239279198	7.27025143756879e-10	4.43968450023852e-09
ENSG00000198105	1747.77494368088	-0.26701567521144	0.0811045276978328	-3.29224129392933	0.000993922954254508	0.00217510953506744
ENSG00000124766	16091.9337135138	1.50237384327823	0.142827498408814	10.518799671041	7.07693886485006e-26	2.94310046964482e-24
ENSG00000183621	1851.02700983664	-0.627417159366539	0.0880597513857048	-7.12490268815806	1.04154247870227e-12	9.63260616410015e-12
ENSG00000100105	4875.96649372524	0.434657838171999	0.0985627610163238	4.40996004667535	1.03389692626732e-05	3.21147307402309e-05
ENSG00000181315	6905.24908833344	0.911791864708974	0.15940254742997	5.72005830151208	1.06487507413934e-08	5.45882490386697e-08
ENSG00000112033	5798.11270912026	0.544336423106438	0.0900746690262967	6.04316872868578	1.51116472027324e-09	8.81387992731502e-09
ENSG00000173041	1794.32867926823	0.463285637184346	0.120016030217342	3.86019797809812	0.000113295195140709	0.000294598782782032
ENSG00000165821	2992.70873170514	0.985567444640363	0.169273412367113	5.82234050143035	5.80291705255503e-09	3.10218939707958e-08
ENSG00000198597	83.3051587338497	-1.17475742942795	0.371913076688107	-3.15868815339645	0.00158480971655292	0.00333179670239264
ENSG00000196263	995.836246616758	-0.858559543366429	0.138305391375611	-6.20770842573116	5.37627803819623e-10	3.33499183278165e-09
ENSG00000198795	2498.67084748304	-0.840148364976045	0.197969815117103	-4.24382052627104	2.19746123464851e-05	6.44025703166509e-05
ENSG00000160199	2228.7727049798	-0.11549552329364	0.0437887195724868	-2.63756338210463	0.00835040190301749	0.0151846738852265
ENSG00000072310	10475.6886821128	0.339973598610192	0.118889824354655	2.85956851610809	0.00424217767983834	0.00821445012955849
ENSG00000180787	1564.30962262954	-0.494809155639164	0.0904349402339364	-5.47143785752714	4.46398873540073e-08	2.06474548947249e-07
ENSG00000162367	1617.53618532273	-2.36569303872686	0.202967111243289	-11.6555486464563	2.14991193606772e-31	1.51693599114531e-29
ENSG00000143437	10664.9927616513	-0.2301522190577	0.0694333815244955	-3.31472000937336	0.000917349589935326	0.00201962708014393
ENSG00000020633	3336.81671001424	-0.396158096849424	0.174553550562858	-2.26955049365647	0.0232348702734193	0.0384337273756208
ENSG00000116833	1063.63676854037	-1.27784336392146	0.224502526867264	-5.69188855801602	1.25641851983517e-08	6.35427342152341e-08
ENSG00000173757	11588.9038841774	-0.592252646062128	0.0766279516393097	-7.72893746200969	1.08447930285345e-14	1.32182506227868e-13
ENSG00000143067	1450.09015550543	-0.571874588880868	0.132740437200409	-4.30821685495476	1.64575986399436e-05	4.93152061043259e-05
ENSG00000169951	1192.36970170211	0.397366296436193	0.0880783218319628	4.51151075737223	6.4367518231754e-06	2.07533745673115e-05
ENSG00000081386	2102.58089970994	-0.364683424069571	0.0981416721966916	-3.71588761335436	0.000202491579568699	0.000504061689679534
ENSG00000116016	207769.531530077	-2.52357783753502	0.167526607832067	-15.063743426744	2.80447186058741e-51	1.39035382583174e-48
ENSG00000185697	754.655880456611	-0.329409487489052	0.14781833178307	-2.22847520679962	0.0258488428638265	0.0423633188961833
ENSG00000007968	394.535319785153	0.993977485741273	0.215163480575138	4.61963843996363	3.8440932065201e-06	1.2890507639308e-05
ENSG00000182111	124.897631988853	0.655216420524426	0.164630716861458	3.97991597810883	6.89396298394936e-05	0.000185775094628268
ENSG00000119138	14789.56663899	-1.32022853798659	0.182051826914826	-7.25193787044092	4.10850354094852e-13	4.01869668784679e-12
ENSG00000020256	1806.40484632873	0.453678545302776	0.0958103291715425	4.73517364177397	2.18867631643249e-06	7.64555407477687e-06
ENSG00000135457	4877.1975848211	0.116720146398404	0.0531731253301203	2.19509659576635	0.0281566693682112	0.0457554985101121
ENSG00000130584	1914.86594835792	-0.75276555488837	0.156372779548536	-4.81391682786276	1.48000424540787e-06	5.32196983761002e-06
ENSG00000152977	16.2681374240242	1.59760424247065	0.725131959800089	2.20319104802813	0.0275812860002083	0.044909580549518
ENSG00000111424	4639.27871353191	1.04845612022389	0.128486678735531	8.16003752717407	3.3492051835122e-16	4.87978936211804e-15
ENSG00000112242	2748.79978960809	1.35338149456985	0.227977393076038	5.93647236819862	2.91219969967461e-09	1.6352587225684e-08
ENSG00000157554	6986.09149900504	-1.79318857826242	0.146108606272994	-12.2729839398506	1.26503752281723e-34	1.28129257485773e-32
ENSG00000164330	1255.73130138459	-1.27496219910336	0.168846053021787	-7.55103347863775	4.31817812629493e-14	4.79941933458821e-13
ENSG00000118513	898.639100537604	-0.463365656721334	0.163587327698519	-2.83252782009672	0.00461815473749382	0.00886057794997749
ENSG00000154727	7084.72166903224	-0.424944445356658	0.0843167397249669	-5.03985859442366	4.65875937646787e-07	1.82125685605475e-06
ENSG00000185129	5348.35472896366	-0.429315355445852	0.0887024056456112	-4.83995165994795	1.29870714495346e-06	4.70868820319059e-06
ENSG00000168036	60625.5142715876	0.377675218359511	0.102203795278766	3.69531500595828	0.000219614335698206	0.000543382515132453
ENSG00000103449	19.3069575577598	3.44885109014608	0.679211903999449	5.07772474221664	3.8198154432543e-07	1.51338597550931e-06
ENSG00000167394	1136.91242511721	0.235297886043344	0.0804172123126486	2.92596422179552	0.00343390426677679	0.00676829069698765
ENSG00000134138	2065.90522767197	-1.19178355470587	0.155950464763671	-7.64206478327533	2.13765566140626e-14	2.4858824077304e-13
ENSG00000143379	5322.23896643262	0.320208320617917	0.0686745724737107	4.66269114002123	3.12100982352277e-06	1.06380864963534e-05
ENSG00000170802	4516.36918930828	-0.403801616291876	0.112960749127125	-3.57470731570169	0.000350619898998076	0.000836435137042516
ENSG00000137265	2510.06915007284	1.48137762963773	0.315295387437475	4.69838027659539	2.62232835122705e-06	9.04302467669163e-06
ENSG00000065970	4980.34815410846	-0.196575078105313	0.0817213670262039	-2.4054306145207	0.0161534191261954	0.0276901058160505
ENSG00000185024	3479.19161751914	0.264549718128888	0.0897709018657097	2.9469428582174	0.00320932502546801	0.00636761181198439
ENSG00000168779	53.9110973773833	1.62110949573579	0.435634110246678	3.7212639175978	0.000198228133761303	0.000494625140652871
ENSG00000196247	1365.421732373	0.687721374176955	0.149564247936664	4.59816689927252	4.2622449812201e-06	1.41716260503363e-05
ENSG00000186350	13541.7746262568	-0.545385461916529	0.114150869171653	-4.77776004575498	1.77258730685965e-06	6.28411220811609e-06
ENSG00000067082	40050.9191822234	-1.35020998190284	0.18652244488414	-7.23886062474429	4.52469707839935e-13	4.39838845510657e-12
ENSG00000134954	28164.8084181736	-1.09240353442296	0.132222300446781	-8.26187058258489	1.43407141294184e-16	2.18403163689663e-15
ENSG00000177485	5778.84406376292	0.386510045937596	0.10758517989044	3.59259561894308	0.000327400457004993	0.000786019779472037
ENSG00000184271	1389.10495429008	-0.531355946858161	0.112338056653221	-4.72997275089435	2.24549974557511e-06	7.82808469779599e-06
ENSG00000008441	26283.7397889838	-0.40963158319109	0.155944958546148	-2.62677028491351	0.00861995040969514	0.0156295712962701
ENSG00000120693	2518.41008167557	-1.8205140184651	0.162468140051621	-11.2053601271404	3.83789742312842e-29	2.2043338278755e-27
ENSG00000167562	1452.19052923276	0.183502747120489	0.0837022591521328	2.19232729175164	0.0283558824727572	0.0460315786216522
ENSG00000108924	5400.15671104028	-0.881175681466395	0.249382641712841	-3.53342829081525	0.000410207353046711	0.000964299516352258
ENSG00000109787	12400.8181207522	-0.285416821883432	0.0972966761444941	-2.93346939683287	0.0033519669750091	0.00662550685575453
ENSG00000135373	18380.8011147455	1.27600032835411	0.132579099304912	9.62444559545165	6.30459794784224e-22	1.73897980584773e-20
ENSG00000171940	8613.13706347771	0.610667864497485	0.139660699464997	4.37251042588783	1.22825949602405e-05	3.76614268320265e-05
ENSG00000126003	4969.93591676924	0.329215413580626	0.111260655870139	2.95895625462499	0.00308682916938461	0.00614982812204279
ENSG00000130844	5592.64959820528	-1.00410452444757	0.185130820686253	-5.4237566750123	5.83593126153671e-08	2.64987006594577e-07
ENSG00000275004	270.389986840551	1.53279040543172	0.192283176314867	7.97152634363468	1.56726475465293e-15	2.10147336034922e-14
ENSG00000165891	252.386129162817	1.77284780602105	0.295392157417162	6.00167526965646	1.95291978606119e-09	1.12510874157819e-08
ENSG00000150907	6512.77563473537	-0.937621315915158	0.146794186474886	-6.38731913321085	1.68819092893068e-10	1.13020003234275e-09
ENSG00000008196	76.6285391633579	2.34141656278814	0.6343999203917	3.69075797068586	0.00022358680488418	0.000552340914924348
ENSG00000254004	3329.61256785754	0.532992334429608	0.12421153233789	4.29100522630797	1.77866128162824e-05	5.30528813878948e-05
ENSG00000197024	2674.77307452289	0.230400073826188	0.0778504999771954	2.95951951360208	0.00308119187720786	0.00614119485555637
ENSG00000139613	14915.5375206336	-0.190567098874697	0.0705587807662876	-2.70082754839421	0.00691671920687388	0.0128000071845085
ENSG00000182568	5603.23717561593	-0.633504318469914	0.112871642345886	-5.61260831598953	1.99299377385252e-08	9.77251684164694e-08
ENSG00000116604	13928.1676339799	-0.241433637601469	0.0868617677518406	-2.77951558954259	0.00544400403729575	0.0103002502820744
ENSG00000171466	4457.40081797975	0.220295042628312	0.0695050369354634	3.16948313879554	0.0015271031827781	0.00322126266491508
ENSG00000068305	12203.7194612586	-0.824216204803919	0.0903369161243248	-9.12380276153776	7.25335083754694e-20	1.58338211388814e-18
ENSG00000102349	1780.33254518876	-0.262873426509168	0.101078915369756	-2.60067518084809	0.00930405021738748	0.0167721115609321
ENSG00000167766	3583.64748149634	-0.248018900967087	0.0997396942671354	-2.48666193324006	0.012894786987547	0.0225347766287939
ENSG00000198815	8628.34565725701	0.149662861898504	0.0636514974838032	2.35128579553981	0.0187086580169664	0.0315537067020022
ENSG00000196693	4644.51395525446	-0.323683004181954	0.102066757172714	-3.17128723541424	0.00151764997610176	0.00320347427448528
ENSG00000139083	6434.77703111343	0.320708002240603	0.0955033629923788	3.35808072293953	0.000784856891513586	0.00175167859012255
ENSG00000182983	951.288973845832	-0.563265691382396	0.13151384614041	-4.2829383210421	1.84441312193289e-05	5.48490904563438e-05
ENSG00000136944	176.57196214268	1.06778024226108	0.216093851601021	4.94128007044155	7.76113283215681e-07	2.912888628884e-06
ENSG00000102870	4332.48014610125	0.376213947275054	0.0925194645107266	4.06632214382776	4.77609042169561e-05	0.000132240986852327
ENSG00000185551	11478.0633690811	-0.655795556696156	0.153881862173665	-4.26168196454531	2.02894050862237e-05	5.98359584250734e-05
ENSG00000174282	22240.3823452688	-0.642627144617945	0.0738322682642974	-8.70387920790314	3.20728406489303e-18	5.84352267877368e-17
ENSG00000182986	3262.39048879485	0.400417114095606	0.0817292236019623	4.89931381271548	9.61719354052497e-07	3.56650214783366e-06
ENSG00000213967	141.333795693623	0.903144248820938	0.181045846852399	4.9884836604799	6.08550574304926e-07	2.32781406483868e-06
ENSG00000187098	3557.68121307988	-0.595879298036298	0.122679084736282	-4.85721995169129	1.1904533237867e-06	4.35052379569691e-06
ENSG00000001167	5176.73734261624	0.526989749595554	0.0900624177665922	5.85138354781139	4.87500557396916e-09	2.63984564553047e-08
ENSG00000100625	1743.49485959251	1.64798094320951	0.205561107951451	8.01698803646615	1.08369672031632e-15	1.47512734928029e-14
ENSG00000131196	2716.66934424522	-0.485303547812655	0.130069656895892	-3.73110500476751	0.000190641736661046	0.000477466056495275
ENSG00000185811	6046.10766538105	-0.522427837974945	0.175043616481121	-2.98455806888159	0.00283988292175556	0.00569821646213153
ENSG00000063587	3554.2422979541	0.492630858663499	0.113843872754089	4.32724965117462	1.50982799822523e-05	4.55244072640287e-05
ENSG00000124813	1363.13087838303	0.85497694526879	0.151861983536271	5.62996034530648	1.80251058657136e-08	8.88707064653698e-08
ENSG00000114861	12107.9825576409	-0.493330672348681	0.0991100641984203	-4.97760420537135	6.43761255128982e-07	2.4525416148382e-06
ENSG00000152926	3692.44666272137	0.897711958368103	0.160766290087374	5.58395642444826	2.35107636716425e-08	1.13481751680777e-07
ENSG00000148516	7884.91911309287	-1.25722020091236	0.155522463095374	-8.08384959889284	6.27537163806825e-16	8.84893160850058e-15
ENSG00000196172	799.494682577581	0.446411399525478	0.152149734110574	2.93402681335645	0.00334595302042759	0.00661521624475898
ENSG00000073282	1342.13002109982	1.31631203179996	0.334848148327109	3.93107155699147	8.45680948558784e-05	0.000224410046424727
ENSG00000078399	8.31173596749821	-1.06048449788768	0.385406217203457	-2.75160194763503	0.00593045574113971	0.0111245500057086
ENSG00000177125	3190.40910162913	-0.397555546872172	0.079542397849581	-4.99803322027042	5.79180088869381e-07	2.22631579151403e-06
ENSG00000148606	3436.81569484883	0.213756533795254	0.0663615090094857	3.22109212080605	0.00127703093161789	0.00274008948983478
ENSG00000105967	3247.42147140888	-0.67654982919766	0.215125858684189	-3.1449023996267	0.00166142247781948	0.00348159488983772
ENSG00000121413	5234.50727508302	-0.401000059815908	0.11693615952801	-3.4292220766824	0.000605314018616533	0.00137790125624902
ENSG00000196591	8589.42940198073	0.244791452104598	0.0753482057112049	3.24880267279139	0.00115891841847562	0.00250434320780709
ENSG00000009709	360.399147869632	7.3936239819326	0.873970653969582	8.45980805917304	2.67817962037612e-17	4.42969498404439e-16
ENSG00000258405	661.992448026708	-0.340238152404735	0.124503353783165	-2.73276295028399	0.00628055163160041	0.0117089868567759
ENSG00000071794	5096.35137882084	0.415273152752793	0.121670992883493	3.4130826330187	0.000642324626652563	0.00145573993929708
ENSG00000169926	25465.2883222079	-0.890393215752707	0.0962770969759086	-9.2482349771671	2.28230156569896e-20	5.31474402919687e-19
ENSG00000146587	3323.85257426275	0.437555226921895	0.0779434427715106	5.613752887521	1.9798490141003e-08	9.71058984031125e-08
ENSG00000071564	6250.77747850235	0.667421951815562	0.102136277683246	6.53462184989183	6.37704583766766e-11	4.55065024756898e-10
ENSG00000172845	14956.6065636405	0.290733082976724	0.0850142379907307	3.41981637250485	0.000626634194331907	0.00142196598253659
ENSG00000185155	34.1029990099513	2.2878242661754	0.374354296254967	6.11138776571486	9.87684523608562e-10	5.89388303460934e-09
ENSG00000180535	238.153109386722	1.82060121472863	0.31921813499944	5.70331386320461	1.17500336907073e-08	5.97137536280645e-08
ENSG00000198466	4438.9252029866	0.569366028401347	0.0850942613584801	6.69100382695321	2.2164486678314e-11	1.68009844565586e-10
ENSG00000158691	1586.59178895803	0.367205749769568	0.107944404939732	3.40180438230762	0.000669425357273381	0.00151160305713451
ENSG00000075407	3582.47145188711	-0.299848705314169	0.0916999295617343	-3.26989024688731	0.00107589219432335	0.00233672274024183
ENSG00000007372	419.448720287426	-0.943223460484388	0.18172834085749	-5.19029368800574	2.0996264777655e-07	8.67431210847024e-07
ENSG00000128573	949.474336833984	-0.783504632345998	0.220787425273565	-3.54868322494002	0.000387162536410297	0.000915036384824187
ENSG00000006468	9874.81327398085	-0.562116655542572	0.148744772142187	-3.77906831579423	0.000157416236567496	0.000399402623662634
ENSG00000107249	2755.11009674019	0.418194766188565	0.133040167477019	3.14337221697201	0.00167013317818447	0.00349724220761858
ENSG00000151090	2916.66148540015	-0.611621995578393	0.134706135621447	-4.54041675798036	5.61431417797724e-06	1.82673687044755e-05
ENSG00000012048	1428.44493095002	0.439448594865942	0.167392588361509	2.62525718233645	0.00865835406532767	0.0156856171013278
ENSG00000188786	4738.83462934463	-0.227352669061821	0.0891405264120236	-2.55049726777421	0.0107569367213394	0.019141393302476
ENSG00000183309	3077.67554580987	0.438289762901913	0.133434489607233	3.28468122591113	0.00102097814160449	0.00222927760891134
ENSG00000165606	27.6066756521052	3.58989242996731	0.645769681859935	5.5590910053686	2.71183278246266e-08	1.29566872403789e-07
ENSG00000130856	2050.56643491941	-0.19416532075443	0.0805284107512258	-2.41114060172204	0.015902716509174	0.0273100525356726
ENSG00000166337	4056.46863046227	0.402225453097155	0.0954630211429149	4.21341633945353	2.51536782958385e-05	7.29421505054294e-05
ENSG00000106571	2226.87347219354	-0.797564307441707	0.174523816589464	-4.56994536922048	4.8785136970279e-06	1.60703478822012e-05
ENSG00000159216	15225.7787436835	0.792688773134971	0.0778741754392738	10.1790968400443	2.45832353629342e-24	8.70533028199845e-23
ENSG00000162772	12224.9995564909	-1.28531837256141	0.316826324566282	-4.05685472733662	4.97379971492205e-05	0.000137130708077589
ENSG00000118689	11270.1845599992	-0.364979424281701	0.109015174169194	-3.34796900581238	0.000814061150529091	0.00180816446582376
ENSG00000177463	8042.96029304929	-0.391436868567459	0.0978817192970533	-3.99908043482072	6.35890680854935e-05	0.000172367547289585
ENSG00000177311	17360.8449430164	-0.357423892820999	0.110685924403579	-3.22917204465649	0.00124149183254753	0.00267133175092681
ENSG00000141956	1254.74651291285	0.460115263435962	0.0907897147444496	5.06792277881996	4.021804913892e-07	1.58773643698264e-06
ENSG00000172888	4805.14283946767	-0.178125658602088	0.0793785510706874	-2.24400239358697	0.0248322473384741	0.0408178828116894
ENSG00000177888	5721.06791993957	0.78170353346419	0.101618798567595	7.69250910739923	1.44277207572784e-14	1.72245773983756e-13
ENSG00000123407	19.7215914775064	6.97162403382807	1.93235361413352	3.60784070929698	0.000308755944836653	0.000744198214531436
ENSG00000129351	23319.5589606421	0.180810523956104	0.0560643618118856	3.2250527449645	0.00125949461900881	0.0027061609406372
ENSG00000181450	2115.88652405536	0.350417099486491	0.112726314597871	3.10856520712608	0.00187998155622403	0.00390269669836964
ENSG00000176887	264.908332545159	4.7825611518192	0.509098678282097	9.39417318457294	5.76689645636729e-21	1.43897433564905e-19
ENSG00000141646	11375.3485091395	-0.25384283949162	0.062378738340151	-4.06938078977193	4.71382509537925e-05	0.00013065139174908
ENSG00000160352	1734.06834736926	1.01060283515591	0.175008769592537	5.7745839680425	7.71434523969332e-09	4.04369922010524e-08
ENSG00000124782	10393.8933313709	0.160005720467644	0.0719830466903929	2.22282506540529	0.026227598217336	0.0429243091665704
ENSG00000147862	12395.7570948002	-0.591717089599613	0.106868156555197	-5.53688871103522	3.07892051119271e-08	1.4588476738018e-07
ENSG00000100968	2815.62213988393	0.733452921103608	0.140811580594775	5.2087542658464	1.90112695574145e-07	7.89579601393589e-07
ENSG00000184677	5817.8329900406	-0.308119313152677	0.0711864580058438	-4.32834167879772	1.50236271398069e-05	4.53283330696383e-05
ENSG00000136367	652.832199598757	0.696083388243547	0.169404758695103	4.10899548280321	3.9738384797231e-05	0.000111587946191965
ENSG00000215421	2591.70147034799	-0.344344761486542	0.0681202498961561	-5.05495446671832	4.30493463889899e-07	1.68994923238629e-06
ENSG00000164631	5022.43389169323	0.438661078727506	0.0782071951444559	5.60896063229552	2.03545313643499e-08	9.97292630358874e-08
ENSG00000115112	5142.85428721255	0.739219890329254	0.2053367421169	3.60003710348346	0.000318171775961241	0.000765619885979541
ENSG00000119866	776.500733628894	1.14914968545299	0.181856482370912	6.31899215508414	2.63274639932306e-10	1.71109873633492e-09
ENSG00000196323	10557.3887270099	-0.18630420539459	0.0565550630333951	-3.29420913711262	0.000986990336619579	0.0021610775164547
ENSG00000156127	789.628644882436	0.949187698241481	0.178649985868585	5.31311376055581	1.07767713354492e-07	4.6533026630421e-07
ENSG00000185630	13338.5590937519	-0.366765048988125	0.156825377829699	-2.33868430010355	0.0193517782848953	0.0325565414457173
ENSG00000187079	13744.4875539636	-0.584517875633724	0.0977508025756836	-5.97967341681068	2.23585422083351e-09	1.27872670510876e-08
ENSG00000178573	7848.08101962553	-0.392855657933172	0.148047582805782	-2.65357698172314	0.00796436013655445	0.014554329286308
ENSG00000112182	1103.87923807327	-0.825638399665134	0.186244596267853	-4.43308646913824	9.28935881690588e-06	2.90991404641985e-05
ENSG00000198300	1189.97902751838	-1.39493079877404	0.171036107941018	-8.15576789934371	3.46968210967492e-16	5.03973332800045e-15
ENSG00000110693	1100.01653674415	0.503786642806352	0.196940073508247	2.55807075640832	0.0105254673561434	0.0187614040611586
ENSG00000123685	279.273448122096	-0.495922905211665	0.154710302966168	-3.20549372410002	0.00134830987024983	0.00287632313958062
ENSG00000187821	11.8715474603569	-1.95403758155697	0.53648696622487	-3.64228341893758	0.000270230311917171	0.000658075083532522
ENSG00000030419	3088.59344204532	0.935422233499755	0.114812470552463	8.14739225624726	3.71855951096624e-16	5.38876481746869e-15
